{"version": {"json_export": "210", "page_segmentation": "55", "schema": "1.1.0", "structure": "1.1125.0", "table_structure": "5"}, "extended_metadata": {"ID_instance": "CC AB 0F 3B 60 BB B2 11 0A 00 BF 0C 8B 3F AB 03 ", "ID_permanent": "BE 03 E5 60 D9 34 F3 48 8F F6 B2 99 28 5D E2 C1 ", "has_acroform": false, "has_embedded_files": false, "is_XFA": false, "is_certified": false, "is_encrypted": false, "is_digitally_signed": false, "language": "en-US", "page_count": 2, "pdf_version": "1.7", "pdfa_compliance_level": "", "pdfua_compliance_level": ""}, "elements": [{"Bounds": [90.02400207519531, 688.75, 372.2715606689453, 718.6439208984375], "Font": {"alt_family_name": "Calibri", "embedded": true, "encoding": "Identity-H", "family_name": "Calibri", "font_type": "CIDFontType2", "italic": false, "monospaced": false, "name": "BCDEEE+Calibri", "subset": true, "weight": 400}, "HasClip": true, "Lang": "en", "ObjectID": 68, "Page": 0, "Path": "//Document/Sect/Title", "Text": "Networking: An Overview ", "TextSize": 26.039993286132812, "attributes": {"LineHeight": 31.25, "SpaceAfter": 18}}, {"Bounds": [90.02400207519531, 642.3099975585938, 267.16664123535156, 656.3500061035156], "Font": {"alt_family_name": "Calibri", "embedded": true, "encoding": "WinAnsiEncoding", "family_name": "Calibri", "font_type": "TrueType", "italic": false, "monospaced": false, "name": "BCDGEE+Calibri-Bold", "subset": true, "weight": 700}, "HasClip": true, "Lang": "en", "ObjectID": 70, "Page": 0, "Path": "//Document/Sect[2]/H1", "Text": "1. Introduction to Networking ", "TextSize": 14.039993286132812, "attributes": {"LineHeight": 16.875}}, {"Bounds": [90.02400207519531, 582.0491180419922, 509.1355285644531, 637.6091156005859], "Font": {"alt_family_name": "Cambria", "embedded": true, "encoding": "WinAnsiEncoding", "family_name": "Cambria", "font_type": "TrueType", "italic": false, "monospaced": false, "name": "BCDHEE+Cambria", "subset": true, "weight": 400}, "HasClip": true, "Lang": "en", "ObjectID": 71, "Page": 0, "Path": "//Document/Sect[2]/P", "Text": "Networking is the practice of connecting computers and other devices to share resources and information. A computer network allows devices to communicate with each other, exchange data, and access the internet. The fundamental goal of networking is to enable communication between different systems. ", "TextSize": 11.039993286132812, "attributes": {"SpaceAfter": 18}}, {"Bounds": [90.02400207519531, 539.3500061035156, 215.6538543701172, 553.3899993896484], "Font": {"alt_family_name": "Calibri", "embedded": true, "encoding": "WinAnsiEncoding", "family_name": "Calibri", "font_type": "TrueType", "italic": false, "monospaced": false, "name": "BCDGEE+Calibri-Bold", "subset": true, "weight": 700}, "HasClip": true, "Lang": "en", "ObjectID": 73, "Page": 0, "Path": "//Document/Sect[3]/H1", "Text": "2. Types of Networks ", "TextSize": 14.039993286132812, "attributes": {"LineHeight": 16.875}}, {"Bounds": [90.02400207519531, 511.0299987792969, 251.32423400878906, 523.9900054931641], "Font": {"alt_family_name": "Calibri", "embedded": true, "encoding": "WinAnsiEncoding", "family_name": "Calibri", "font_type": "TrueType", "italic": false, "monospaced": false, "name": "BCDGEE+Calibri-Bold", "subset": true, "weight": 700}, "HasClip": true, "Lang": "en", "ObjectID": 75, "Page": 0, "Path": "//Document/Sect[3]/Sect/H2", "Text": "2.1 Local Area Network (LAN) ", "TextSize": 12.960006713867188}, {"Bounds": [90.02400207519531, 465.61912536621094, 519.7196350097656, 506.4191131591797], "Font": {"alt_family_name": "Cambria", "embedded": true, "encoding": "WinAnsiEncoding", "family_name": "Cambria", "font_type": "TrueType", "italic": false, "monospaced": false, "name": "BCDHEE+Cambria", "subset": true, "weight": 400}, "HasClip": true, "Lang": "en", "ObjectID": 76, "Page": 0, "Path": "//Document/Sect[3]/Sect/P", "Text": "A Local Area Network (LAN) is a network of computers and devices connected within a small geographical area, such as a single building or a campus. It allows for high-speed data transfer and resource sharing, such as file sharing and printing. ", "TextSize": 11.039993286132812}, {"Bounds": [90.02400207519531, 438.19000244140625, 258.52984619140625, 451.1499938964844], "Font": {"alt_family_name": "Calibri", "embedded": true, "encoding": "WinAnsiEncoding", "family_name": "Calibri", "font_type": "TrueType", "italic": false, "monospaced": false, "name": "BCDGEE+Calibri-Bold", "subset": true, "weight": 700}, "HasClip": true, "Lang": "en", "ObjectID": 78, "Page": 0, "Path": "//Document/Sect[3]/Sect[2]/H2", "Text": "2.2 Wide Area Network (WAN) ", "TextSize": 12.960006713867188}, {"Bounds": [90.02400207519531, 392.8991241455078, 517.81298828125, 433.57911682128906], "Font": {"alt_family_name": "Cambria", "embedded": true, "encoding": "WinAnsiEncoding", "family_name": "Cambria", "font_type": "TrueType", "italic": false, "monospaced": false, "name": "BCDHEE+Cambria", "subset": true, "weight": 400}, "HasClip": true, "Lang": "en", "ObjectID": 79, "Page": 0, "Path": "//Document/Sect[3]/Sect[2]/P", "Text": "A Wide Area Network (WAN) connects multiple LANs over a larger geographical area, such as between cities, countries, or continents. WANs use technologies like leased lines and satellite communication to transmit data over long distances. ", "TextSize": 11.039993286132812, "attributes": {"SpaceAfter": 18}}, {"Bounds": [90.02400207519531, 350.17999267578125, 215.87855529785156, 364.2200012207031], "Font": {"alt_family_name": "Calibri", "embedded": true, "encoding": "WinAnsiEncoding", "family_name": "Calibri", "font_type": "TrueType", "italic": false, "monospaced": false, "name": "BCDGEE+Calibri-Bold", "subset": true, "weight": 700}, "HasClip": true, "Lang": "en", "ObjectID": 81, "Page": 0, "Path": "//Document/Sect[4]/H1", "Text": "3. Network Protocols ", "TextSize": 14.039993286132812, "attributes": {"LineHeight": 16.875}}, {"Bounds": [90.02400207519531, 321.88999938964844, 420.30967712402344, 334.8500061035156], "Font": {"alt_family_name": "Calibri", "embedded": true, "encoding": "WinAnsiEncoding", "family_name": "Calibri", "font_type": "TrueType", "italic": false, "monospaced": false, "name": "BCDGEE+Calibri-Bold", "subset": true, "weight": 700}, "HasClip": true, "Lang": "en", "ObjectID": 83, "Page": 0, "Path": "//Document/Sect[4]/Sect/H2", "Text": "3.1 Transmission Control Protocol/Internet Protocol (TCP/IP) ", "TextSize": 12.960006713867188}, {"Bounds": [90.02400207519531, 276.4791259765625, 520.0982818603516, 317.15911865234375], "Font": {"alt_family_name": "Cambria", "embedded": true, "encoding": "WinAnsiEncoding", "family_name": "Cambria", "font_type": "TrueType", "italic": false, "monospaced": false, "name": "BCDHEE+Cambria", "subset": true, "weight": 400}, "HasClip": true, "Lang": "en", "ObjectID": 84, "Page": 0, "Path": "//Document/Sect[4]/Sect/P", "Text": "TCP/IP is the fundamental protocol used for communication over the internet. It defines how data is transmitted between devices, ensuring reliable delivery of information through packet-switching. ", "TextSize": 11.039993286132812}, {"Bounds": [90.02400207519531, 249.0500030517578, 303.7084045410156, 262.00999450683594], "Font": {"alt_family_name": "Calibri", "embedded": true, "encoding": "WinAnsiEncoding", "family_name": "Calibri", "font_type": "TrueType", "italic": false, "monospaced": false, "name": "BCDGEE+Calibri-Bold", "subset": true, "weight": 700}, "HasClip": true, "Lang": "en", "ObjectID": 86, "Page": 0, "Path": "//Document/Sect[4]/Sect[2]/H2", "Text": "3.2 HyperText Transfer Protocol (HTTP) ", "TextSize": 12.960006713867188}, {"Bounds": [90.02400207519531, 203.75912475585938, 520.2859344482422, 244.43911743164062], "Font": {"alt_family_name": "Cambria", "embedded": true, "encoding": "WinAnsiEncoding", "family_name": "Cambria", "font_type": "TrueType", "italic": false, "monospaced": false, "name": "BCDHEE+Cambria", "subset": true, "weight": 400}, "HasClip": true, "Lang": "en", "ObjectID": 87, "Page": 0, "Path": "//Document/Sect[4]/Sect[2]/P", "Text": "HTTP is a protocol used for transmitting hypertext (web pages) across the internet. It is the foundation of data exchange on the World Wide Web, allowing users to access websites through web browsers. ", "TextSize": 11.039993286132812, "attributes": {"SpaceAfter": 18}}, {"Bounds": [90.02400207519531, 161.02999877929688, 208.14247131347656, 175.07000732421875], "Font": {"alt_family_name": "Calibri", "embedded": true, "encoding": "WinAnsiEncoding", "family_name": "Calibri", "font_type": "TrueType", "italic": false, "monospaced": false, "name": "BCDGEE+Calibri-Bold", "subset": true, "weight": 700}, "HasClip": true, "Lang": "en", "ObjectID": 89, "Page": 0, "Path": "//Document/Sect[5]/H1", "Text": "4. Network Security ", "TextSize": 14.039993286132812, "attributes": {"LineHeight": 16.875}}, {"Bounds": [90.02400207519531, 132.74000549316406, 160.4615936279297, 145.6999969482422], "Font": {"alt_family_name": "Calibri", "embedded": true, "encoding": "WinAnsiEncoding", "family_name": "Calibri", "font_type": "TrueType", "italic": false, "monospaced": false, "name": "BCDGEE+Calibri-Bold", "subset": true, "weight": 700}, "HasClip": true, "Lang": "en", "ObjectID": 91, "Page": 0, "Path": "//Document/Sect[5]/Sect/H2", "Text": "4.1 Firewalls ", "TextSize": 12.960006713867188}, {"Bounds": [90.02400207519531, 87.33311462402344, 518.9259338378906, 128.00912475585938], "Font": {"alt_family_name": "Cambria", "embedded": true, "encoding": "WinAnsiEncoding", "family_name": "Cambria", "font_type": "TrueType", "italic": false, "monospaced": false, "name": "BCDHEE+Cambria", "subset": true, "weight": 400}, "HasClip": true, "Lang": "en", "ObjectID": 92, "Page": 0, "Path": "//Document/Sect[5]/Sect/P", "Text": "A firewall is a security system designed to protect a network from unauthorized access and threats. It can be implemented in both hardware and software and monitors incoming and outgoing network traffic. ", "TextSize": 11.039993286132812}, {"Bounds": [90.02400207519531, 704.3800048828125, 170.57032775878906, 717.3399963378906], "ClipBounds": [90.02400207519531, 704.3800048828125, 170.57032775878906, 717.3399963378906], "Font": {"alt_family_name": "Calibri", "embedded": true, "encoding": "WinAnsiEncoding", "family_name": "Calibri", "font_type": "TrueType", "italic": false, "monospaced": false, "name": "BCDGEE+Calibri-Bold", "subset": true, "weight": 700}, "HasClip": true, "Lang": "en", "ObjectID": 94, "Page": 1, "Path": "//Document/Sect[5]/Sect[2]/H2", "Text": "4.2 Encryption ", "TextSize": 12.960006713867188}, {"Bounds": [90.02400207519531, 659.0891265869141, 515.9692077636719, 699.7691192626953], "ClipBounds": [90.02400207519531, 659.0891265869141, 515.9692077636719, 699.7691192626953], "Font": {"alt_family_name": "Cambria", "embedded": true, "encoding": "WinAnsiEncoding", "family_name": "Cambria", "font_type": "TrueType", "italic": false, "monospaced": false, "name": "BCDHEE+Cambria", "subset": true, "weight": 400}, "HasClip": true, "Lang": "en", "ObjectID": 95, "Page": 1, "Path": "//Document/Sect[5]/Sect[2]/P", "Text": "Encryption is the process of converting data into a code to prevent unauthorized access. In networking, encryption ensures that data transmitted over networks remains confidential and secure. ", "TextSize": 11.039993286132812, "attributes": {"LineHeight": 14.875, "TextAlign": "Justify"}}], "pages": [{"boxes": {"CropBox": [0.0, 0.0, 612.0, 792.0], "MediaBox": [0.0, 0.0, 612.0, 792.0]}, "height": 792.0, "is_scanned": false, "page_number": 0, "rotation": 0, "width": 612.0}, {"boxes": {"CropBox": [0.0, 0.0, 612.0, 792.0], "MediaBox": [0.0, 0.0, 612.0, 792.0]}, "height": 792.0, "is_scanned": false, "page_number": 1, "rotation": 0, "width": 612.0}]}