{"version": {"json_export": "210", "page_segmentation": "55", "schema": "1.1.0", "structure": "1.1125.0", "table_structure": "5"}, "extended_metadata": {"ID_instance": "59 83 0A AE 72 BB B2 11 0A 00 43 99 D3 2C FF F8 ", "ID_permanent": "6D CA C1 A3 31 6D F4 48 98 B9 85 39 23 F2 C7 E7 ", "has_acroform": false, "has_embedded_files": false, "is_XFA": false, "is_certified": false, "is_encrypted": false, "is_digitally_signed": false, "language": "en", "page_count": 4, "pdf_version": "1.7", "pdfa_compliance_level": "", "pdfua_compliance_level": ""}, "elements": [{"Bounds": [90.02400207519531, 700.75, 291.865478515625, 716.7100067138672], "Font": {"alt_family_name": "Calibri", "embedded": true, "encoding": "WinAnsiEncoding", "family_name": "Calibri", "font_type": "TrueType", "italic": false, "monospaced": false, "name": "BCDFEE+Calibri-Bold", "subset": true, "weight": 700}, "HasClip": true, "Lang": "en", "ObjectID": 299, "Page": 0, "Path": "//Document/Sect/H1", "Text": "1. Introduction to Networking ", "TextSize": 15.960006713867188, "attributes": {"LineHeight": 19.125, "SpaceAfter": 18}}, {"Bounds": [90.02400207519531, 655.75, 236.5172882080078, 669.7899932861328], "Font": {"alt_family_name": "Calibri", "embedded": true, "encoding": "WinAnsiEncoding", "family_name": "Calibri", "font_type": "TrueType", "italic": false, "monospaced": false, "name": "BCDFEE+Calibri-Bold", "subset": true, "weight": 700}, "HasClip": true, "Lang": "en", "ObjectID": 301, "Page": 0, "Path": "//Document/Sect/Sect/H2", "Text": "1.1 What is Networking? ", "TextSize": 14.039993286132812, "attributes": {"LineHeight": 16.875, "SpaceAfter": 8}}, {"Bounds": [90.02400207519531, 634.2887268066406, 97.09559631347656, 645.4040832519531], "Font": {"alt_family_name": "Symbol", "embedded": true, "encoding": "Identity-H", "family_name": "Symbol MT", "font_type": "CIDFontType2", "italic": false, "monospaced": false, "name": "SymbolMT", "subset": false, "weight": 400}, "HasClip": true, "ObjectID": 304, "Page": 0, "Path": "//Document/Sect/Sect/L/LI/Lbl", "Text": "\u2022 ", "TextSize": 9.960006713867188}, {"Bounds": [108.02000427246094, 619.2491149902344, 509.6440734863281, 645.0491180419922], "Font": {"alt_family_name": "Cambria", "embedded": true, "encoding": "WinAnsiEncoding", "family_name": "Cambria", "font_type": "TrueType", "italic": false, "monospaced": false, "name": "BCDGEE+Cambria", "subset": true, "weight": 400}, "HasClip": true, "ObjectID": 305, "Page": 0, "Path": "//Document/Sect/Sect/L/LI/LBody", "Text": "Networking connects devices (e.g., computers, printers) for communication, resource sharing, and data exchange. ", "TextSize": 11.039993286132812}, {"Bounds": [90.02400207519531, 594.688720703125, 97.09559631347656, 605.8040771484375], "Font": {"alt_family_name": "Symbol", "embedded": true, "encoding": "Identity-H", "family_name": "Symbol MT", "font_type": "CIDFontType2", "italic": false, "monospaced": false, "name": "SymbolMT", "subset": false, "weight": 400}, "HasClip": true, "ObjectID": 307, "Page": 0, "Path": "//Document/Sect/Sect/L/LI[2]/Lbl", "Text": "\u2022 ", "TextSize": 9.960006713867188}, {"Bounds": [108.02000427246094, 594.4091186523438, 455.90147399902344, 605.4491271972656], "Font": {"alt_family_name": "Cambria", "embedded": true, "encoding": "WinAnsiEncoding", "family_name": "Cambria", "font_type": "TrueType", "italic": false, "monospaced": false, "name": "BCDGEE+Cambria", "subset": true, "weight": 400}, "HasClip": true, "ObjectID": 308, "Page": 0, "Path": "//Document/Sect/Sect/L/LI[2]/LBody", "Text": "It supports systems from simple home networks to global infrastructures. ", "TextSize": 11.039993286132812}, {"Bounds": [90.02400207519531, 569.8487243652344, 97.09559631347656, 580.9640808105469], "Font": {"alt_family_name": "Symbol", "embedded": true, "encoding": "Identity-H", "family_name": "Symbol MT", "font_type": "CIDFontType2", "italic": false, "monospaced": false, "name": "SymbolMT", "subset": false, "weight": 400}, "HasClip": true, "ObjectID": 310, "Page": 0, "Path": "//Document/Sect/Sect/L/LI[3]/Lbl", "Text": "\u2022 ", "TextSize": 9.960006713867188}, {"Bounds": [108.02000427246094, 554.6591186523438, 509.9097595214844, 580.6091156005859], "Font": {"alt_family_name": "Cambria", "embedded": true, "encoding": "WinAnsiEncoding", "family_name": "Cambria", "font_type": "TrueType", "italic": false, "monospaced": false, "name": "BCDGEE+Cambria", "subset": true, "weight": 400}, "HasClip": true, "ObjectID": 311, "Page": 0, "Path": "//Document/Sect/Sect/L/LI[3]/LBody", "Text": "Examples: Home devices connected to Wi-Fi, corporate LANs, and public services like online government portals. ", "TextSize": 11.039993286132812}, {"Bounds": [90.02400207519531, 502.38999938964844, 254.136474609375, 515.3500061035156], "Font": {"alt_family_name": "Calibri", "embedded": true, "encoding": "WinAnsiEncoding", "family_name": "Calibri", "font_type": "TrueType", "italic": false, "monospaced": false, "name": "BCDFEE+Calibri-Bold", "subset": true, "weight": 700}, "HasClip": true, "Lang": "en", "ObjectID": 313, "Page": 0, "Path": "//Document/Sect/Sect/Sect/H3", "Text": "1.1.1 Examples of Networking ", "TextSize": 12.960006713867188, "attributes": {"SpaceAfter": 8.75}}, {"Bounds": [90.02400207519531, 481.49871826171875, 97.09559631347656, 492.61407470703125], "Font": {"alt_family_name": "Symbol", "embedded": true, "encoding": "Identity-H", "family_name": "Symbol MT", "font_type": "CIDFontType2", "italic": false, "monospaced": false, "name": "SymbolMT", "subset": false, "weight": 400}, "HasClip": true, "ObjectID": 316, "Page": 0, "Path": "//Document/Sect/Sect/Sect/L/LI/Lbl", "Text": "\u2022 ", "TextSize": 9.960006713867188}, {"Bounds": [108.02000427246094, 481.2191162109375, 452.3401184082031, 492.2591247558594], "Font": {"alt_family_name": "Cambria", "embedded": true, "encoding": "WinAnsiEncoding", "family_name": "Cambria", "font_type": "TrueType", "italic": false, "monospaced": false, "name": "BCDGEE+Cambria", "subset": true, "weight": 400}, "HasClip": true, "ObjectID": 317, "Page": 0, "Path": "//Document/Sect/Sect/Sect/L/LI/LBody", "Text": "Personal Devices: Use Wi-Fi or Bluetooth for file sharing and streaming. ", "TextSize": 11.039993286132812}, {"Bounds": [90.02400207519531, 456.6587219238281, 97.09559631347656, 467.7740783691406], "Font": {"alt_family_name": "Symbol", "embedded": true, "encoding": "Identity-H", "family_name": "Symbol MT", "font_type": "CIDFontType2", "italic": false, "monospaced": false, "name": "SymbolMT", "subset": false, "weight": 400}, "HasClip": true, "ObjectID": 319, "Page": 0, "Path": "//Document/Sect/Sect/Sect/L/LI[2]/Lbl", "Text": "\u2022 ", "TextSize": 9.960006713867188}, {"Bounds": [108.02000427246094, 456.3791198730469, 455.6189880371094, 467.4191131591797], "Font": {"alt_family_name": "Cambria", "embedded": true, "encoding": "WinAnsiEncoding", "family_name": "Cambria", "font_type": "TrueType", "italic": false, "monospaced": false, "name": "BCDGEE+Cambria", "subset": true, "weight": 400}, "HasClip": true, "ObjectID": 320, "Page": 0, "Path": "//Document/Sect/Sect/Sect/L/LI[2]/LBody", "Text": "Corporate Systems: LANs for secure collaboration and shared resources. ", "TextSize": 11.039993286132812}, {"Bounds": [90.02400207519531, 431.8187255859375, 97.09559631347656, 442.93408203125], "Font": {"alt_family_name": "Symbol", "embedded": true, "encoding": "Identity-H", "family_name": "Symbol MT", "font_type": "CIDFontType2", "italic": false, "monospaced": false, "name": "SymbolMT", "subset": false, "weight": 400}, "HasClip": true, "ObjectID": 322, "Page": 0, "Path": "//Document/Sect/Sect/Sect/L/LI[3]/Lbl", "Text": "\u2022 ", "TextSize": 9.960006713867188}, {"Bounds": [108.02000427246094, 431.53912353515625, 497.850830078125, 442.57911682128906], "Font": {"alt_family_name": "Cambria", "embedded": true, "encoding": "WinAnsiEncoding", "family_name": "Cambria", "font_type": "TrueType", "italic": false, "monospaced": false, "name": "BCDGEE+Cambria", "subset": true, "weight": 400}, "HasClip": true, "ObjectID": 323, "Page": 0, "Path": "//Document/Sect/Sect/Sect/L/LI[3]/LBody", "Text": "Public Services: Governments rely on networks for databases and online services. ", "TextSize": 11.039993286132812}, {"Bounds": [90.02400207519531, 380.4499969482422, 212.8679962158203, 392.4499969482422], "Font": {"alt_family_name": "Calibri", "embedded": true, "encoding": "WinAnsiEncoding", "family_name": "Calibri", "font_type": "TrueType", "italic": false, "monospaced": false, "name": "BCDFEE+Calibri-Bold", "subset": true, "weight": 700}, "HasClip": true, "Lang": "en", "ObjectID": 325, "Page": 0, "Path": "//Document/Sect/Sect/Sect/Sect/H4", "Text": "1.1.1.1 Banking Systems ", "TextSize": 12.0, "attributes": {"SpaceAfter": 7.875}}, {"Bounds": [90.02400207519531, 360.1587219238281, 97.09559631347656, 371.2740783691406], "Font": {"alt_family_name": "Symbol", "embedded": true, "encoding": "Identity-H", "family_name": "Symbol MT", "font_type": "CIDFontType2", "italic": false, "monospaced": false, "name": "SymbolMT", "subset": false, "weight": 400}, "HasClip": true, "ObjectID": 328, "Page": 0, "Path": "//Document/Sect/Sect/Sect/Sect/L/LI/Lbl", "Text": "\u2022 ", "TextSize": 9.960006713867188}, {"Bounds": [108.02000427246094, 359.8791198730469, 460.70545959472656, 370.9191131591797], "Font": {"alt_family_name": "Cambria", "embedded": true, "encoding": "WinAnsiEncoding", "family_name": "Cambria", "font_type": "TrueType", "italic": false, "monospaced": false, "name": "BCDGEE+Cambria", "subset": true, "weight": 400}, "HasClip": true, "ObjectID": 329, "Page": 0, "Path": "//Document/Sect/Sect/Sect/Sect/L/LI/LBody", "Text": "Enables ATM connectivity, inter-branch operations, and customer support. ", "TextSize": 11.039993286132812}, {"Bounds": [90.02400207519531, 335.3187255859375, 97.09559631347656, 346.43408203125], "Font": {"alt_family_name": "Symbol", "embedded": true, "encoding": "Identity-H", "family_name": "Symbol MT", "font_type": "CIDFontType2", "italic": false, "monospaced": false, "name": "SymbolMT", "subset": false, "weight": 400}, "HasClip": true, "ObjectID": 331, "Page": 0, "Path": "//Document/Sect/Sect/Sect/Sect/L/LI[2]/Lbl", "Text": "\u2022 ", "TextSize": 9.960006713867188}, {"Bounds": [108.02000427246094, 335.03912353515625, 381.4256286621094, 346.07911682128906], "Font": {"alt_family_name": "Cambria", "embedded": true, "encoding": "WinAnsiEncoding", "family_name": "Cambria", "font_type": "TrueType", "italic": false, "monospaced": false, "name": "BCDGEE+Cambria", "subset": true, "weight": 400}, "HasClip": true, "ObjectID": 332, "Page": 0, "Path": "//Document/Sect/Sect/Sect/Sect/L/LI[2]/LBody", "Text": "Ensures 24/7 service reliability through robust networks. ", "TextSize": 11.039993286132812}, {"Bounds": [90.02400207519531, 285.2899932861328, 222.31637573242188, 296.3300018310547], "Font": {"alt_family_name": "Calibri", "embedded": true, "encoding": "WinAnsiEncoding", "family_name": "Calibri", "font_type": "TrueType", "italic": false, "monospaced": false, "name": "BCDEEE+Calibri", "subset": true, "weight": 400}, "HasClip": true, "Lang": "en", "ObjectID": 334, "Page": 0, "Path": "//Document/Sect/Sect/Sect/Sect/Sect/H5", "Text": "1.1.1.1.1 Online Transactions ", "TextSize": 11.039993286132812, "attributes": {"LineHeight": 13.25, "SpaceAfter": 10.625}}, {"Bounds": [90.02400207519531, 260.3187255859375, 97.09559631347656, 271.43408203125], "Font": {"alt_family_name": "Symbol", "embedded": true, "encoding": "Identity-H", "family_name": "Symbol MT", "font_type": "CIDFontType2", "italic": false, "monospaced": false, "name": "SymbolMT", "subset": false, "weight": 400}, "HasClip": true, "ObjectID": 337, "Page": 0, "Path": "//Document/Sect/Sect/Sect/Sect/Sect/L/LI/Lbl", "Text": "\u2022 ", "TextSize": 9.960006713867188}, {"Bounds": [108.02000427246094, 245.12911987304688, 477.9319305419922, 271.07911682128906], "Font": {"alt_family_name": "Cambria", "embedded": true, "encoding": "WinAnsiEncoding", "family_name": "Cambria", "font_type": "TrueType", "italic": false, "monospaced": false, "name": "BCDGEE+Cambria", "subset": true, "weight": 400}, "HasClip": true, "ObjectID": 338, "Page": 0, "Path": "//Document/Sect/Sect/Sect/Sect/Sect/L/LI/LBody", "Text": "Real-time fund transfers, secure online payments, and fraud detection through encrypted systems. ", "TextSize": 11.039993286132812}, {"Bounds": [90.02400207519531, 196.49000549316406, 213.61776733398438, 206.4499969482422], "Font": {"alt_family_name": "Calibri", "embedded": true, "encoding": "WinAnsiEncoding", "family_name": "Calibri", "font_type": "TrueType", "italic": false, "monospaced": false, "name": "BCDEEE+Calibri", "subset": true, "weight": 400}, "HasClip": true, "Lang": "en", "ObjectID": 340, "Page": 0, "Path": "//Document/Sect/Sect/Sect/Sect/Sect/Sect/H6", "Text": "1.1.1.1.1.1 Real-Time Systems ", "TextSize": 9.960006713867188, "attributes": {"LineHeight": 12, "SpaceAfter": 10.25}}, {"Bounds": [90.02400207519531, 171.7287139892578, 97.09559631347656, 182.84408569335938], "Font": {"alt_family_name": "Symbol", "embedded": true, "encoding": "Identity-H", "family_name": "Symbol MT", "font_type": "CIDFontType2", "italic": false, "monospaced": false, "name": "SymbolMT", "subset": false, "weight": 400}, "HasClip": true, "ObjectID": 343, "Page": 0, "Path": "//Document/Sect/Sect/Sect/Sect/Sect/Sect/L/LI/Lbl", "Text": "\u2022 ", "TextSize": 9.960006713867188}, {"Bounds": [108.02000427246094, 156.56912231445312, 491.2957305908203, 182.48912048339844], "Font": {"alt_family_name": "Cambria", "embedded": true, "encoding": "WinAnsiEncoding", "family_name": "Cambria", "font_type": "TrueType", "italic": false, "monospaced": false, "name": "BCDGEE+Cambria", "subset": true, "weight": 400}, "HasClip": true, "ObjectID": 344, "Page": 0, "Path": "//Document/Sect/Sect/Sect/Sect/Sect/Sect/L/LI/LBody", "Text": "Support instant processing with high availability, used in applications like instant messaging and stock trading. ", "TextSize": 11.039993286132812}, {"Bounds": [90.02400207519531, 703.0299987792969, 273.20384216308594, 717.0700073242188], "ClipBounds": [90.02400207519531, 703.0299987792969, 273.20384216308594, 717.0700073242188], "Font": {"alt_family_name": "Calibri", "embedded": true, "encoding": "WinAnsiEncoding", "family_name": "Calibri", "font_type": "TrueType", "italic": false, "monospaced": false, "name": "BCDFEE+Calibri-Bold", "subset": true, "weight": 700}, "HasClip": true, "Lang": "en", "ObjectID": 346, "Page": 1, "Path": "//Document/Sect/Sect[2]/H2", "Text": "1.2 Key Benefits of Networking ", "TextSize": 14.039993286132812, "attributes": {"LineHeight": 16.875, "SpaceAfter": 13.125}}, {"Bounds": [90.02400207519531, 674.6199951171875, 215.53196716308594, 687.5800018310547], "ClipBounds": [90.02400207519531, 674.6199951171875, 215.53196716308594, 687.5800018310547], "Font": {"alt_family_name": "Calibri", "embedded": true, "encoding": "WinAnsiEncoding", "family_name": "Calibri", "font_type": "TrueType", "italic": false, "monospaced": false, "name": "BCDFEE+Calibri-Bold", "subset": true, "weight": 700}, "HasClip": true, "Lang": "en", "ObjectID": 348, "Page": 1, "Path": "//Document/Sect/Sect[2]/Sect/H3", "Text": "1.2.1 Resource Sharing ", "TextSize": 12.960006713867188, "attributes": {"SpaceAfter": 8.625}}, {"Bounds": [90.02400207519531, 653.8487243652344, 97.09559631347656, 664.9640808105469], "ClipBounds": [90.02400207519531, 653.8487243652344, 97.09559631347656, 664.9640808105469], "Font": {"alt_family_name": "Symbol", "embedded": true, "encoding": "Identity-H", "family_name": "Symbol MT", "font_type": "CIDFontType2", "italic": false, "monospaced": false, "name": "SymbolMT", "subset": false, "weight": 400}, "HasClip": true, "ObjectID": 351, "Page": 1, "Path": "//Document/Sect/Sect[2]/Sect/L/LI/Lbl", "Text": "\u2022 ", "TextSize": 9.960006713867188}, {"Bounds": [108.02000427246094, 653.5691223144531, 404.03936767578125, 664.6091156005859], "ClipBounds": [108.02000427246094, 653.5691223144531, 404.03936767578125, 664.6091156005859], "Font": {"alt_family_name": "Cambria", "embedded": true, "encoding": "WinAnsiEncoding", "family_name": "Cambria", "font_type": "TrueType", "italic": false, "monospaced": false, "name": "BCDGEE+Cambria", "subset": true, "weight": 400}, "HasClip": true, "ObjectID": 352, "Page": 1, "Path": "//Document/Sect/Sect[2]/Sect/L/LI/LBody", "Text": "Printers: Shared printers reduce costs and improve efficiency. ", "TextSize": 11.039993286132812}, {"Bounds": [90.02400207519531, 629.0087127685547, 97.09559631347656, 640.1240844726562], "ClipBounds": [90.02400207519531, 629.0087127685547, 97.09559631347656, 640.1240844726562], "Font": {"alt_family_name": "Symbol", "embedded": true, "encoding": "Identity-H", "family_name": "Symbol MT", "font_type": "CIDFontType2", "italic": false, "monospaced": false, "name": "SymbolMT", "subset": false, "weight": 400}, "HasClip": true, "ObjectID": 354, "Page": 1, "Path": "//Document/Sect/Sect[2]/Sect/L/LI[2]/Lbl", "Text": "\u2022 ", "TextSize": 9.960006713867188}, {"Bounds": [108.02000427246094, 628.7291259765625, 498.3490447998047, 639.7691192626953], "ClipBounds": [108.02000427246094, 628.7291259765625, 498.3490447998047, 639.7691192626953], "Font": {"alt_family_name": "Cambria", "embedded": true, "encoding": "WinAnsiEncoding", "family_name": "Cambria", "font_type": "TrueType", "italic": false, "monospaced": false, "name": "BCDGEE+Cambria", "subset": true, "weight": 400}, "HasClip": true, "ObjectID": 355, "Page": 1, "Path": "//Document/Sect/Sect[2]/Sect/L/LI[2]/LBody", "Text": "File Servers: Centralized storage enhances collaboration and reduces redundancy. ", "TextSize": 11.039993286132812}, {"Bounds": [90.02400207519531, 604.1687164306641, 97.09559631347656, 615.2840728759766], "ClipBounds": [90.02400207519531, 604.1687164306641, 97.09559631347656, 615.2840728759766], "Font": {"alt_family_name": "Symbol", "embedded": true, "encoding": "Identity-H", "family_name": "Symbol MT", "font_type": "CIDFontType2", "italic": false, "monospaced": false, "name": "SymbolMT", "subset": false, "weight": 400}, "HasClip": true, "ObjectID": 357, "Page": 1, "Path": "//Document/Sect/Sect[2]/Sect/L/LI[3]/Lbl", "Text": "\u2022 ", "TextSize": 9.960006713867188}, {"Bounds": [108.02000427246094, 589.0091247558594, 493.3368225097656, 614.9291229248047], "ClipBounds": [108.02000427246094, 589.0091247558594, 493.3368225097656, 614.9291229248047], "Font": {"alt_family_name": "Cambria", "embedded": true, "encoding": "WinAnsiEncoding", "family_name": "Cambria", "font_type": "TrueType", "italic": false, "monospaced": false, "name": "BCDGEE+Cambria", "subset": true, "weight": 400}, "HasClip": true, "ObjectID": 358, "Page": 1, "Path": "//Document/Sect/Sect[2]/Sect/L/LI[3]/LBody", "Text": "Cost Savings: Shared hardware, software licenses, and energy efficiency optimize expenses. ", "TextSize": 11.039993286132812}, {"Bounds": [90.02400207519531, 536.7100067138672, 258.84092712402344, 549.6699981689453], "ClipBounds": [90.02400207519531, 536.7100067138672, 258.84092712402344, 549.6699981689453], "Font": {"alt_family_name": "Calibri", "embedded": true, "encoding": "WinAnsiEncoding", "family_name": "Calibri", "font_type": "TrueType", "italic": false, "monospaced": false, "name": "BCDFEE+Calibri-Bold", "subset": true, "weight": 700}, "HasClip": true, "Lang": "en", "ObjectID": 360, "Page": 1, "Path": "//Document/Sect/Sect[2]/Sect[2]/H3", "Text": "1.2.2 Centralized Management ", "TextSize": 12.960006713867188, "attributes": {"SpaceAfter": 7.125}}, {"Bounds": [90.02400207519531, 515.8187255859375, 97.09559631347656, 526.93408203125], "ClipBounds": [90.02400207519531, 515.8187255859375, 97.09559631347656, 526.93408203125], "Font": {"alt_family_name": "Symbol", "embedded": true, "encoding": "Identity-H", "family_name": "Symbol MT", "font_type": "CIDFontType2", "italic": false, "monospaced": false, "name": "SymbolMT", "subset": false, "weight": 400}, "HasClip": true, "ObjectID": 363, "Page": 1, "Path": "//Document/Sect/Sect[2]/Sect[2]/L/LI/Lbl", "Text": "\u2022 ", "TextSize": 9.960006713867188}, {"Bounds": [108.02000427246094, 500.65911865234375, 482.0773162841797, 526.5791168212891], "ClipBounds": [108.02000427246094, 500.65911865234375, 482.0773162841797, 526.5791168212891], "Font": {"alt_family_name": "Cambria", "embedded": true, "encoding": "WinAnsiEncoding", "family_name": "Cambria", "font_type": "TrueType", "italic": false, "monospaced": false, "name": "BCDGEE+Cambria", "subset": true, "weight": 400}, "HasClip": true, "ObjectID": 364, "Page": 1, "Path": "//Document/Sect/Sect[2]/Sect[2]/L/LI/LBody", "Text": "Admins can monitor traffic, deploy updates, and enforce security from a central location. ", "TextSize": 11.039993286132812}, {"Bounds": [90.02400207519531, 442.24000549316406, 242.80723571777344, 456.2799987792969], "ClipBounds": [90.02400207519531, 442.24000549316406, 242.80723571777344, 456.2799987792969], "Font": {"alt_family_name": "Calibri", "embedded": true, "encoding": "WinAnsiEncoding", "family_name": "Calibri", "font_type": "TrueType", "italic": false, "monospaced": false, "name": "BCDFEE+Calibri-Bold", "subset": true, "weight": 700}, "HasClip": true, "Lang": "en", "ObjectID": 366, "Page": 1, "Path": "//Document/Sect/Sect[3]/H2", "Text": "1.3 History of Networking ", "TextSize": 14.039993286132812, "attributes": {"LineHeight": 16.875, "SpaceAfter": 12.875}}, {"Bounds": [90.02400207519531, 414.07000732421875, 259.66087341308594, 427.0299987792969], "ClipBounds": [90.02400207519531, 414.07000732421875, 259.66087341308594, 427.0299987792969], "Font": {"alt_family_name": "Calibri", "embedded": true, "encoding": "WinAnsiEncoding", "family_name": "Calibri", "font_type": "TrueType", "italic": false, "monospaced": false, "name": "BCDFEE+Calibri-Bold", "subset": true, "weight": 700}, "HasClip": true, "Lang": "en", "ObjectID": 368, "Page": 1, "Path": "//Document/Sect/Sect[3]/Sect/H3", "Text": "1.3.1 Telegraph and Telephone ", "TextSize": 12.960006713867188, "attributes": {"SpaceAfter": 18}}, {"Bounds": [90.02400207519531, 373.7187194824219, 97.09559631347656, 384.8340759277344], "ClipBounds": [90.02400207519531, 373.7187194824219, 97.09559631347656, 384.8340759277344], "Font": {"alt_family_name": "Symbol", "embedded": true, "encoding": "Identity-H", "family_name": "Symbol MT", "font_type": "CIDFontType2", "italic": false, "monospaced": false, "name": "SymbolMT", "subset": false, "weight": 400}, "HasClip": true, "ObjectID": 371, "Page": 1, "Path": "//Document/Sect/Sect[3]/Sect/L/LI/Lbl", "Text": "\u2022 ", "TextSize": 9.960006713867188}, {"Bounds": [108.02000427246094, 373.4391174316406, 407.2261199951172, 384.4791259765625], "ClipBounds": [108.02000427246094, 373.4391174316406, 407.2261199951172, 384.4791259765625], "Font": {"alt_family_name": "Cambria", "embedded": true, "encoding": "WinAnsiEncoding", "family_name": "Cambria", "font_type": "TrueType", "italic": false, "monospaced": false, "name": "BCDGEE+Cambria", "subset": true, "weight": 400}, "HasClip": true, "ObjectID": 372, "Page": 1, "Path": "//Document/Sect/Sect[3]/Sect/L/LI/LBody", "Text": "Telegraph: Enabled coded message transmission (Morse Code). ", "TextSize": 11.039993286132812}, {"Bounds": [90.02400207519531, 348.87872314453125, 97.09559631347656, 359.99407958984375], "ClipBounds": [90.02400207519531, 348.87872314453125, 97.09559631347656, 359.99407958984375], "Font": {"alt_family_name": "Symbol", "embedded": true, "encoding": "Identity-H", "family_name": "Symbol MT", "font_type": "CIDFontType2", "italic": false, "monospaced": false, "name": "SymbolMT", "subset": false, "weight": 400}, "HasClip": true, "ObjectID": 374, "Page": 1, "Path": "//Document/Sect/Sect[3]/Sect/L/LI[2]/Lbl", "Text": "\u2022 ", "TextSize": 9.960006713867188}, {"Bounds": [108.02000427246094, 348.59912109375, 447.94427490234375, 359.6391143798828], "ClipBounds": [108.02000427246094, 348.59912109375, 447.94427490234375, 359.6391143798828], "Font": {"alt_family_name": "Cambria", "embedded": true, "encoding": "WinAnsiEncoding", "family_name": "Cambria", "font_type": "TrueType", "italic": false, "monospaced": false, "name": "BCDGEE+Cambria", "subset": true, "weight": 400}, "HasClip": true, "ObjectID": 375, "Page": 1, "Path": "//Document/Sect/Sect[3]/Sect/L/LI[2]/LBody", "Text": "Telephone: Allowed real-time voice communication over long distances. ", "TextSize": 11.039993286132812}, {"Bounds": [90.02400207519531, 297.5299987792969, 215.63999938964844, 309.5299987792969], "ClipBounds": [90.02400207519531, 297.5299987792969, 215.63999938964844, 309.5299987792969], "Font": {"alt_family_name": "Calibri", "embedded": true, "encoding": "WinAnsiEncoding", "family_name": "Calibri", "font_type": "TrueType", "italic": false, "monospaced": false, "name": "BCDFEE+Calibri-Bold", "subset": true, "weight": 700}, "HasClip": true, "Lang": "en", "ObjectID": 377, "Page": 1, "Path": "//Document/Sect/Sect[3]/Sect/Sect/H4", "Text": "1.3.1.1 Early Innovations ", "TextSize": 12.0, "attributes": {"SpaceAfter": 2.75}}, {"Bounds": [90.02400207519531, 282.3987274169922, 97.09559631347656, 293.5140838623047], "ClipBounds": [90.02400207519531, 282.3987274169922, 97.09559631347656, 293.5140838623047], "Font": {"alt_family_name": "Symbol", "embedded": true, "encoding": "Identity-H", "family_name": "Symbol MT", "font_type": "CIDFontType2", "italic": false, "monospaced": false, "name": "SymbolMT", "subset": false, "weight": 400}, "HasClip": true, "ObjectID": 380, "Page": 1, "Path": "//Document/Sect/Sect[3]/Sect/Sect/L/LI/Lbl", "Text": "\u2022 ", "TextSize": 9.960006713867188}, {"Bounds": [108.02000427246094, 282.11912536621094, 471.40992736816406, 293.15911865234375], "ClipBounds": [108.02000427246094, 282.11912536621094, 471.40992736816406, 293.15911865234375], "Font": {"alt_family_name": "Cambria", "embedded": true, "encoding": "WinAnsiEncoding", "family_name": "Cambria", "font_type": "TrueType", "italic": false, "monospaced": false, "name": "BCDGEE+Cambria", "subset": true, "weight": 400}, "HasClip": true, "ObjectID": 381, "Page": 1, "Path": "//Document/Sect/Sect[3]/Sect/Sect/L/LI/LBody", "Text": "Morse Code & Switching Stations: Streamlined long-distance communication. ", "TextSize": 11.039993286132812}, {"Bounds": [90.02400207519531, 242.3000030517578, 270.83319091796875, 253.33999633789062], "ClipBounds": [90.02400207519531, 242.3000030517578, 270.83319091796875, 253.33999633789062], "Font": {"alt_family_name": "Calibri", "embedded": true, "encoding": "WinAnsiEncoding", "family_name": "Calibri", "font_type": "TrueType", "italic": false, "monospaced": false, "name": "BCDEEE+Calibri", "subset": true, "weight": 400}, "HasClip": true, "Lang": "en", "ObjectID": 383, "Page": 1, "Path": "//Document/Sect/Sect[3]/Sect/Sect/Sect/H5", "Text": "1.3.1.1.1 Long-Distance Communication ", "TextSize": 11.039993286132812, "attributes": {"LineHeight": 13.25, "SpaceAfter": 12.375}}, {"Bounds": [90.02400207519531, 217.32872009277344, 97.09559631347656, 228.44407653808594], "ClipBounds": [90.02400207519531, 217.32872009277344, 97.09559631347656, 228.44407653808594], "Font": {"alt_family_name": "Symbol", "embedded": true, "encoding": "Identity-H", "family_name": "Symbol MT", "font_type": "CIDFontType2", "italic": false, "monospaced": false, "name": "SymbolMT", "subset": false, "weight": 400}, "HasClip": true, "ObjectID": 386, "Page": 1, "Path": "//Document/Sect/Sect[3]/Sect/Sect/Sect/L/LI/Lbl", "Text": "\u2022 ", "TextSize": 9.960006713867188}, {"Bounds": [108.02000427246094, 217.0491180419922, 439.1979522705078, 228.08912658691406], "ClipBounds": [108.02000427246094, 217.0491180419922, 439.1979522705078, 228.08912658691406], "Font": {"alt_family_name": "Cambria", "embedded": true, "encoding": "WinAnsiEncoding", "family_name": "Cambria", "font_type": "TrueType", "italic": false, "monospaced": false, "name": "BCDGEE+Cambria", "subset": true, "weight": 400}, "HasClip": true, "ObjectID": 387, "Page": 1, "Path": "//Document/Sect/Sect[3]/Sect/Sect/Sect/L/LI/LBody", "Text": "Telegraph Lines & Submarine Cables: Connected cities and continents. ", "TextSize": 11.039993286132812}, {"Bounds": [90.02400207519531, 168.41000366210938, 205.84890747070312, 178.3699951171875], "ClipBounds": [90.02400207519531, 168.41000366210938, 205.84890747070312, 178.3699951171875], "Font": {"alt_family_name": "Calibri", "embedded": true, "encoding": "WinAnsiEncoding", "family_name": "Calibri", "font_type": "TrueType", "italic": false, "monospaced": false, "name": "BCDEEE+Calibri", "subset": true, "weight": 400}, "HasClip": true, "Lang": "en", "ObjectID": 389, "Page": 1, "Path": "//Document/Sect/Sect[3]/Sect/Sect/Sect/Sect/H6", "Text": "1.3.1.1.1.1 Packet Switching ", "TextSize": 9.960006713867188, "attributes": {"LineHeight": 12, "SpaceAfter": 12}}, {"Bounds": [90.02400207519531, 143.52871704101562, 97.09559631347656, 154.64407348632812], "ClipBounds": [90.02400207519531, 143.52871704101562, 97.09559631347656, 154.64407348632812], "Font": {"alt_family_name": "Symbol", "embedded": true, "encoding": "Identity-H", "family_name": "Symbol MT", "font_type": "CIDFontType2", "italic": false, "monospaced": false, "name": "SymbolMT", "subset": false, "weight": 400}, "HasClip": true, "ObjectID": 392, "Page": 1, "Path": "//Document/Sect/Sect[3]/Sect/Sect/Sect/Sect/L/LI/Lbl", "Text": "\u2022 ", "TextSize": 9.960006713867188}, {"Bounds": [108.02000427246094, 143.24911499023438, 299.14451599121094, 154.28912353515625], "ClipBounds": [108.02000427246094, 143.24911499023438, 299.14451599121094, 154.28912353515625], "Font": {"alt_family_name": "Cambria", "embedded": true, "encoding": "WinAnsiEncoding", "family_name": "Cambria", "font_type": "TrueType", "italic": false, "monospaced": false, "name": "BCDGEE+Cambria", "subset": true, "weight": 400}, "HasClip": true, "ObjectID": 393, "Page": 1, "Path": "//Document/Sect/Sect[3]/Sect/Sect/Sect/Sect/L/LI/LBody", "Text": "Introduced in the 1960s with ARPANET. ", "TextSize": 11.039993286132812}, {"Bounds": [90.02400207519531, 118.688720703125, 97.09559631347656, 129.8040771484375], "ClipBounds": [90.02400207519531, 118.688720703125, 97.09559631347656, 129.8040771484375], "Font": {"alt_family_name": "Symbol", "embedded": true, "encoding": "Identity-H", "family_name": "Symbol MT", "font_type": "CIDFontType2", "italic": false, "monospaced": false, "name": "SymbolMT", "subset": false, "weight": 400}, "HasClip": true, "ObjectID": 395, "Page": 1, "Path": "//Document/Sect/Sect[3]/Sect/Sect/Sect/Sect/L/LI[2]/Lbl", "Text": "\u2022 ", "TextSize": 9.960006713867188}, {"Bounds": [108.02000427246094, 118.40911865234375, 520.1984405517578, 129.44912719726562], "ClipBounds": [108.02000427246094, 118.40911865234375, 520.1984405517578, 129.44912719726562], "Font": {"alt_family_name": "Cambria", "embedded": true, "encoding": "WinAnsiEncoding", "family_name": "Cambria", "font_type": "TrueType", "italic": false, "monospaced": false, "name": "BCDGEE+Cambria", "subset": true, "weight": 400}, "HasClip": true, "ObjectID": 396, "Page": 1, "Path": "//Document/Sect/Sect[3]/Sect/Sect/Sect/Sect/L/LI[2]/LBody", "Text": "Improved efficiency and reliability, forming the foundation of modern internet systems. ", "TextSize": 11.039993286132812}, {"Bounds": [90.02400207519531, 700.75, 303.44122314453125, 716.7100067138672], "Font": {"alt_family_name": "Calibri", "embedded": true, "encoding": "WinAnsiEncoding", "family_name": "Calibri", "font_type": "TrueType", "italic": false, "monospaced": false, "name": "BCDFEE+Calibri-Bold", "subset": true, "weight": 700}, "HasClip": true, "Lang": "en", "ObjectID": 398, "Page": 2, "Path": "//Document/Sect[2]/H1", "Text": "2. Types of Computer Networks ", "TextSize": 15.960006713867188, "attributes": {"LineHeight": 19.125, "SpaceAfter": 18}}, {"Bounds": [90.02400207519531, 655.75, 264.0216369628906, 669.7899932861328], "Font": {"alt_family_name": "Calibri", "embedded": true, "encoding": "WinAnsiEncoding", "family_name": "Calibri", "font_type": "TrueType", "italic": false, "monospaced": false, "name": "BCDFEE+Calibri-Bold", "subset": true, "weight": 700}, "HasClip": true, "Lang": "en", "ObjectID": 400, "Page": 2, "Path": "//Document/Sect[2]/Sect/H2", "Text": "2.1 Local Area Network (LAN) ", "TextSize": 14.039993286132812, "attributes": {"LineHeight": 16.875, "SpaceAfter": 18}}, {"Bounds": [90.02400207519531, 615.4487152099609, 97.09559631347656, 626.5640869140625], "Font": {"alt_family_name": "Symbol", "embedded": true, "encoding": "Identity-H", "family_name": "Symbol MT", "font_type": "CIDFontType2", "italic": false, "monospaced": false, "name": "SymbolMT", "subset": false, "weight": 400}, "HasClip": true, "ObjectID": 403, "Page": 2, "Path": "//Document/Sect[2]/Sect/L/LI/Lbl", "Text": "\u2022 ", "TextSize": 9.960006713867188}, {"Bounds": [108.02000427246094, 615.1691131591797, 483.7366943359375, 626.2091217041016], "Font": {"alt_family_name": "Cambria", "embedded": true, "encoding": "WinAnsiEncoding", "family_name": "Cambria", "font_type": "TrueType", "italic": false, "monospaced": false, "name": "BCDGEE+Cambria", "subset": true, "weight": 400}, "HasClip": true, "ObjectID": 404, "Page": 2, "Path": "//Document/Sect[2]/Sect/L/LI/LBody", "Text": "Definition: Connects devices within a limited area like a home, office, or school. ", "TextSize": 11.039993286132812}, {"Bounds": [90.02400207519531, 590.6087188720703, 97.09559631347656, 601.7240753173828], "Font": {"alt_family_name": "Symbol", "embedded": true, "encoding": "Identity-H", "family_name": "Symbol MT", "font_type": "CIDFontType2", "italic": false, "monospaced": false, "name": "SymbolMT", "subset": false, "weight": 400}, "HasClip": true, "ObjectID": 406, "Page": 2, "Path": "//Document/Sect[2]/Sect/L/LI[2]/Lbl", "Text": "\u2022 ", "TextSize": 9.960006713867188}, {"Bounds": [108.02000427246094, 590.3291168212891, 176.873291015625, 601.3691253662109], "Font": {"alt_family_name": "Cambria", "embedded": true, "encoding": "WinAnsiEncoding", "family_name": "Cambria", "font_type": "TrueType", "italic": false, "monospaced": false, "name": "BCDGEE+Cambria", "subset": true, "weight": 400}, "HasClip": true, "ObjectID": 408, "Page": 2, "Path": "//Document/Sect[2]/Sect/L/LI[2]/LBody/ParagraphSpan", "Text": "Components: ", "TextSize": 11.039993286132812}, {"Bounds": [126.02000427246094, 565.7687225341797, 133.0915985107422, 576.8840789794922], "Font": {"alt_family_name": "Symbol", "embedded": true, "encoding": "Identity-H", "family_name": "Symbol MT", "font_type": "CIDFontType2", "italic": false, "monospaced": false, "name": "SymbolMT", "subset": false, "weight": 400}, "HasClip": true, "ObjectID": 411, "Page": 2, "Path": "//Document/Sect[2]/Sect/L/LI[2]/LBody/L/LI/Lbl", "Text": "\u2022 ", "TextSize": 9.960006713867188}, {"Bounds": [144.02000427246094, 565.4891204833984, 454.31248474121094, 576.5291137695312], "Font": {"alt_family_name": "Cambria", "embedded": true, "encoding": "WinAnsiEncoding", "family_name": "Cambria", "font_type": "TrueType", "italic": false, "monospaced": false, "name": "BCDGEE+Cambria", "subset": true, "weight": 400}, "HasClip": true, "ObjectID": 412, "Page": 2, "Path": "//Document/Sect[2]/Sect/L/LI[2]/LBody/L/LI/LBody", "Text": "Switches: Manage data flow within the LAN, reducing congestion. ", "TextSize": 11.039993286132812}, {"Bounds": [126.02000427246094, 540.8987274169922, 133.0915985107422, 552.0140838623047], "Font": {"alt_family_name": "Symbol", "embedded": true, "encoding": "Identity-H", "family_name": "Symbol MT", "font_type": "CIDFontType2", "italic": false, "monospaced": false, "name": "SymbolMT", "subset": false, "weight": 400}, "HasClip": true, "ObjectID": 414, "Page": 2, "Path": "//Document/Sect[2]/Sect/L/LI[2]/LBody/L/LI[2]/Lbl", "Text": "\u2022 ", "TextSize": 9.960006713867188}, {"Bounds": [144.02000427246094, 540.6191253662109, 437.77259826660156, 551.6591186523438], "Font": {"alt_family_name": "Cambria", "embedded": true, "encoding": "WinAnsiEncoding", "family_name": "Cambria", "font_type": "TrueType", "italic": false, "monospaced": false, "name": "BCDGEE+Cambria", "subset": true, "weight": 400}, "HasClip": true, "ObjectID": 415, "Page": 2, "Path": "//Document/Sect[2]/Sect/L/LI[2]/LBody/L/LI[2]/LBody", "Text": "Routers: Connect LANs to external networks like the internet. ", "TextSize": 11.039993286132812}, {"Bounds": [126.02000427246094, 516.1787261962891, 133.0915985107422, 527.2940826416016], "Font": {"alt_family_name": "Symbol", "embedded": true, "encoding": "Identity-H", "family_name": "Symbol MT", "font_type": "CIDFontType2", "italic": false, "monospaced": false, "name": "SymbolMT", "subset": false, "weight": 400}, "HasClip": true, "ObjectID": 417, "Page": 2, "Path": "//Document/Sect[2]/Sect/L/LI[2]/LBody/L/LI[3]/Lbl", "Text": "\u2022 ", "TextSize": 9.960006713867188}, {"Bounds": [144.02000427246094, 515.8991241455078, 408.97259521484375, 526.9391174316406], "Font": {"alt_family_name": "Cambria", "embedded": true, "encoding": "WinAnsiEncoding", "family_name": "Cambria", "font_type": "TrueType", "italic": false, "monospaced": false, "name": "BCDGEE+Cambria", "subset": true, "weight": 400}, "HasClip": true, "ObjectID": 418, "Page": 2, "Path": "//Document/Sect[2]/Sect/L/LI[2]/LBody/L/LI[3]/LBody", "Text": "Devices: Include computers, printers, and storage tools. ", "TextSize": 11.039993286132812}, {"Bounds": [90.02400207519531, 491.3387145996094, 97.09559631347656, 502.45408630371094], "Font": {"alt_family_name": "Symbol", "embedded": true, "encoding": "Identity-H", "family_name": "Symbol MT", "font_type": "CIDFontType2", "italic": false, "monospaced": false, "name": "SymbolMT", "subset": false, "weight": 400}, "HasClip": true, "ObjectID": 420, "Page": 2, "Path": "//Document/Sect[2]/Sect/L/LI[3]/Lbl", "Text": "\u2022 ", "TextSize": 9.960006713867188}, {"Bounds": [108.02000427246094, 491.0591125488281, 491.14527893066406, 502.09912109375], "Font": {"alt_family_name": "Cambria", "embedded": true, "encoding": "WinAnsiEncoding", "family_name": "Cambria", "font_type": "TrueType", "italic": false, "monospaced": false, "name": "BCDGEE+Cambria", "subset": true, "weight": 400}, "HasClip": true, "ObjectID": 422, "Page": 2, "Path": "//Document/Sect[2]/Sect/L/LI[3]/LBody/ParagraphSpan", "Text": "Shared Drives: Centralized file storage enabling secure access and collaboration. ", "TextSize": 11.039993286132812}, {"Bounds": [126.02000427246094, 466.49871826171875, 133.0915985107422, 477.61407470703125], "Font": {"alt_family_name": "Symbol", "embedded": true, "encoding": "Identity-H", "family_name": "Symbol MT", "font_type": "CIDFontType2", "italic": false, "monospaced": false, "name": "SymbolMT", "subset": false, "weight": 400}, "HasClip": true, "ObjectID": 425, "Page": 2, "Path": "//Document/Sect[2]/Sect/L/LI[3]/LBody/L/LI/Lbl", "Text": "\u2022 ", "TextSize": 9.960006713867188}, {"Bounds": [144.02000427246094, 466.2191162109375, 514.0503540039062, 477.2591247558594], "Font": {"alt_family_name": "Cambria", "embedded": true, "encoding": "WinAnsiEncoding", "family_name": "Cambria", "font_type": "TrueType", "italic": false, "monospaced": false, "name": "BCDGEE+Cambria", "subset": true, "weight": 400}, "HasClip": true, "ObjectID": 426, "Page": 2, "Path": "//Document/Sect[2]/Sect/L/LI[3]/LBody/L/LI/LBody", "Text": "Benefits: Real-time updates, version control, and enhanced team productivity. ", "TextSize": 11.039993286132812}, {"Bounds": [90.02400207519531, 412.6000061035156, 271.8981475830078, 426.63999938964844], "Font": {"alt_family_name": "Calibri", "embedded": true, "encoding": "WinAnsiEncoding", "family_name": "Calibri", "font_type": "TrueType", "italic": false, "monospaced": false, "name": "BCDFEE+Calibri-Bold", "subset": true, "weight": 700}, "HasClip": true, "Lang": "en", "ObjectID": 428, "Page": 2, "Path": "//Document/Sect[2]/Sect[2]/H2", "Text": "2.2 Wide Area Network (WAN) ", "TextSize": 14.039993286132812, "attributes": {"LineHeight": 16.875, "SpaceAfter": 18}}, {"Bounds": [90.02400207519531, 372.2787170410156, 97.09559631347656, 383.3940734863281], "Font": {"alt_family_name": "Symbol", "embedded": true, "encoding": "Identity-H", "family_name": "Symbol MT", "font_type": "CIDFontType2", "italic": false, "monospaced": false, "name": "SymbolMT", "subset": false, "weight": 400}, "HasClip": true, "ObjectID": 431, "Page": 2, "Path": "//Document/Sect[2]/Sect[2]/L/LI/Lbl", "Text": "\u2022 ", "TextSize": 9.960006713867188}, {"Bounds": [108.02000427246094, 371.9991149902344, 422.3432312011719, 383.03912353515625], "Font": {"alt_family_name": "Cambria", "embedded": true, "encoding": "WinAnsiEncoding", "family_name": "Cambria", "font_type": "TrueType", "italic": false, "monospaced": false, "name": "BCDGEE+Cambria", "subset": true, "weight": 400}, "HasClip": true, "ObjectID": 432, "Page": 2, "Path": "//Document/Sect[2]/Sect[2]/L/LI/LBody", "Text": "Definition: Connects multiple LANs across large geographic areas. ", "TextSize": 11.039993286132812}, {"Bounds": [90.02400207519531, 347.438720703125, 97.09559631347656, 358.5540771484375], "Font": {"alt_family_name": "Symbol", "embedded": true, "encoding": "Identity-H", "family_name": "Symbol MT", "font_type": "CIDFontType2", "italic": false, "monospaced": false, "name": "SymbolMT", "subset": false, "weight": 400}, "HasClip": true, "ObjectID": 434, "Page": 2, "Path": "//Document/Sect[2]/Sect[2]/L/LI[2]/Lbl", "Text": "\u2022 ", "TextSize": 9.960006713867188}, {"Bounds": [108.02000427246094, 332.3991241455078, 483.9130554199219, 358.1991271972656], "Font": {"alt_family_name": "Cambria", "embedded": true, "encoding": "WinAnsiEncoding", "family_name": "Cambria", "font_type": "TrueType", "italic": false, "monospaced": false, "name": "BCDGEE+Cambria", "subset": true, "weight": 400}, "HasClip": true, "ObjectID": 435, "Page": 2, "Path": "//Document/Sect[2]/Sect[2]/L/LI[2]/LBody", "Text": "Internet as a WAN: Connects billions of devices globally, enabling e-commerce, communication, and social media. ", "TextSize": 11.039993286132812}, {"Bounds": [90.02400207519531, 307.8387145996094, 97.09559631347656, 318.95408630371094], "Font": {"alt_family_name": "Symbol", "embedded": true, "encoding": "Identity-H", "family_name": "Symbol MT", "font_type": "CIDFontType2", "italic": false, "monospaced": false, "name": "SymbolMT", "subset": false, "weight": 400}, "HasClip": true, "ObjectID": 437, "Page": 2, "Path": "//Document/Sect[2]/Sect[2]/L/LI[3]/Lbl", "Text": "\u2022 ", "TextSize": 9.960006713867188}, {"Bounds": [108.02000427246094, 307.5591125488281, 179.03329467773438, 318.59912109375], "Font": {"alt_family_name": "Cambria", "embedded": true, "encoding": "WinAnsiEncoding", "family_name": "Cambria", "font_type": "TrueType", "italic": false, "monospaced": false, "name": "BCDGEE+Cambria", "subset": true, "weight": 400}, "HasClip": true, "ObjectID": 439, "Page": 2, "Path": "//Document/Sect[2]/Sect[2]/L/LI[3]/LBody/ParagraphSpan", "Text": "Business Use: ", "TextSize": 11.039993286132812}, {"Bounds": [126.02000427246094, 282.99871826171875, 133.0915985107422, 294.11407470703125], "Font": {"alt_family_name": "Symbol", "embedded": true, "encoding": "Identity-H", "family_name": "Symbol MT", "font_type": "CIDFontType2", "italic": false, "monospaced": false, "name": "SymbolMT", "subset": false, "weight": 400}, "HasClip": true, "ObjectID": 442, "Page": 2, "Path": "//Document/Sect[2]/Sect[2]/L/LI[3]/LBody/L/LI/Lbl", "Text": "\u2022 ", "TextSize": 9.960006713867188}, {"Bounds": [144.02000427246094, 267.83912658691406, 452.6961669921875, 293.7591247558594], "Font": {"alt_family_name": "Cambria", "embedded": true, "encoding": "WinAnsiEncoding", "family_name": "Cambria", "font_type": "TrueType", "italic": false, "monospaced": false, "name": "BCDGEE+Cambria", "subset": true, "weight": 400}, "HasClip": true, "ObjectID": 443, "Page": 2, "Path": "//Document/Sect[2]/Sect[2]/L/LI[3]/LBody/L/LI/LBody", "Text": "Multinational Operations: Centralized management and unified communication (e.g., video conferencing). ", "TextSize": 11.039993286132812}, {"Bounds": [126.02000427246094, 243.24871826171875, 133.0915985107422, 254.36407470703125], "Font": {"alt_family_name": "Symbol", "embedded": true, "encoding": "Identity-H", "family_name": "Symbol MT", "font_type": "CIDFontType2", "italic": false, "monospaced": false, "name": "SymbolMT", "subset": false, "weight": 400}, "HasClip": true, "ObjectID": 445, "Page": 2, "Path": "//Document/Sect[2]/Sect[2]/L/LI[3]/LBody/L/LI[2]/Lbl", "Text": "\u2022 ", "TextSize": 9.960006713867188}, {"Bounds": [144.02000427246094, 228.20912170410156, 475.2081756591797, 254.00912475585938], "Font": {"alt_family_name": "Cambria", "embedded": true, "encoding": "WinAnsiEncoding", "family_name": "Cambria", "font_type": "TrueType", "italic": false, "monospaced": false, "name": "BCDGEE+Cambria", "subset": true, "weight": 400}, "HasClip": true, "ObjectID": 446, "Page": 2, "Path": "//Document/Sect[2]/Sect[2]/L/LI[3]/LBody/L/LI[2]/LBody", "Text": "Data Sharing: Real-time synchronization, fast file transfers, and cloud integration for global collaboration. ", "TextSize": 11.039993286132812}, {"Bounds": [90.02400207519531, 700.75, 243.39971923828125, 716.7100067138672], "Font": {"alt_family_name": "Calibri", "embedded": true, "encoding": "WinAnsiEncoding", "family_name": "Calibri", "font_type": "TrueType", "italic": false, "monospaced": false, "name": "BCDFEE+Calibri-Bold", "subset": true, "weight": 700}, "HasClip": true, "Lang": "en", "ObjectID": 448, "Page": 3, "Path": "//Document/Sect[3]/H1", "Text": "3. Network Topologies ", "TextSize": 15.960006713867188, "attributes": {"LineHeight": 19.125, "SpaceAfter": 18}}, {"Bounds": [90.02400207519531, 655.75, 275.8854522705078, 669.7899932861328], "Font": {"alt_family_name": "Calibri", "embedded": true, "encoding": "WinAnsiEncoding", "family_name": "Calibri", "font_type": "TrueType", "italic": false, "monospaced": false, "name": "BCDFEE+Calibri-Bold", "subset": true, "weight": 700}, "HasClip": true, "Lang": "en", "ObjectID": 450, "Page": 3, "Path": "//Document/Sect[3]/Sect/H2", "Text": "3.1 What is Network Topology? ", "TextSize": 14.039993286132812, "attributes": {"LineHeight": 16.875, "SpaceAfter": 18}}, {"Bounds": [90.02400207519531, 615.4487152099609, 97.09559631347656, 626.5640869140625], "Font": {"alt_family_name": "Symbol", "embedded": true, "encoding": "Identity-H", "family_name": "Symbol MT", "font_type": "CIDFontType2", "italic": false, "monospaced": false, "name": "SymbolMT", "subset": false, "weight": 400}, "HasClip": true, "ObjectID": 453, "Page": 3, "Path": "//Document/Sect[3]/Sect/L/LI/Lbl", "Text": "\u2022 ", "TextSize": 9.960006713867188}, {"Bounds": [108.02000427246094, 615.1691131591797, 481.4072265625, 626.2091217041016], "Font": {"alt_family_name": "Cambria", "embedded": true, "encoding": "WinAnsiEncoding", "family_name": "Cambria", "font_type": "TrueType", "italic": false, "monospaced": false, "name": "BCDGEE+Cambria", "subset": true, "weight": 400}, "HasClip": true, "ObjectID": 455, "Page": 3, "Path": "//Document/Sect[3]/Sect/L/LI/LBody/ParagraphSpan", "Text": "Definition: The layout of devices (nodes) and connections (links) in a network. ", "TextSize": 11.039993286132812}, {"Bounds": [126.02000427246094, 590.6087188720703, 133.0915985107422, 601.7240753173828], "Font": {"alt_family_name": "Symbol", "embedded": true, "encoding": "Identity-H", "family_name": "Symbol MT", "font_type": "CIDFontType2", "italic": false, "monospaced": false, "name": "SymbolMT", "subset": false, "weight": 400}, "HasClip": true, "ObjectID": 458, "Page": 3, "Path": "//Document/Sect[3]/Sect/L/LI/LBody/L/LI/Lbl", "Text": "\u2022 ", "TextSize": 9.960006713867188}, {"Bounds": [144.02000427246094, 590.3291168212891, 479.1812744140625, 601.3691253662109], "Font": {"alt_family_name": "Cambria", "embedded": true, "encoding": "WinAnsiEncoding", "family_name": "Cambria", "font_type": "TrueType", "italic": false, "monospaced": false, "name": "BCDGEE+Cambria", "subset": true, "weight": 400}, "HasClip": true, "ObjectID": 459, "Page": 3, "Path": "//Document/Sect[3]/Sect/L/LI/LBody/L/LI/LBody", "Text": "Physical Topology: Actual arrangement of hardware (cables, devices). ", "TextSize": 11.039993286132812}, {"Bounds": [126.02000427246094, 565.7687225341797, 133.0915985107422, 576.8840789794922], "Font": {"alt_family_name": "Symbol", "embedded": true, "encoding": "Identity-H", "family_name": "Symbol MT", "font_type": "CIDFontType2", "italic": false, "monospaced": false, "name": "SymbolMT", "subset": false, "weight": 400}, "HasClip": true, "ObjectID": 461, "Page": 3, "Path": "//Document/Sect[3]/Sect/L/LI/LBody/L/LI[2]/Lbl", "Text": "\u2022 ", "TextSize": 9.960006713867188}, {"Bounds": [144.02000427246094, 565.4891204833984, 461.02752685546875, 576.5291137695312], "Font": {"alt_family_name": "Cambria", "embedded": true, "encoding": "WinAnsiEncoding", "family_name": "Cambria", "font_type": "TrueType", "italic": false, "monospaced": false, "name": "BCDGEE+Cambria", "subset": true, "weight": 400}, "HasClip": true, "ObjectID": 462, "Page": 3, "Path": "//Document/Sect[3]/Sect/L/LI/LBody/L/LI[2]/LBody", "Text": "Logical Topology: Defines data flow irrespective of physical setup. ", "TextSize": 11.039993286132812}, {"Bounds": [90.02400207519531, 540.8987274169922, 97.09559631347656, 552.0140838623047], "Font": {"alt_family_name": "Symbol", "embedded": true, "encoding": "Identity-H", "family_name": "Symbol MT", "font_type": "CIDFontType2", "italic": false, "monospaced": false, "name": "SymbolMT", "subset": false, "weight": 400}, "HasClip": true, "ObjectID": 464, "Page": 3, "Path": "//Document/Sect[3]/Sect/L/LI[2]/Lbl", "Text": "\u2022 ", "TextSize": 9.960006713867188}, {"Bounds": [108.02000427246094, 540.6191253662109, 466.32896423339844, 551.6591186523438], "Font": {"alt_family_name": "Cambria", "embedded": true, "encoding": "WinAnsiEncoding", "family_name": "Cambria", "font_type": "TrueType", "italic": false, "monospaced": false, "name": "BCDGEE+Cambria", "subset": true, "weight": 400}, "HasClip": true, "ObjectID": 465, "Page": 3, "Path": "//Document/Sect[3]/Sect/L/LI[2]/LBody", "Text": "Impact: Affects network speed, redundancy, and troubleshooting efficiency. ", "TextSize": 11.039993286132812}, {"Bounds": [90.02400207519531, 462.2799987792969, 233.42855834960938, 476.32000732421875], "Font": {"alt_family_name": "Calibri", "embedded": true, "encoding": "WinAnsiEncoding", "family_name": "Calibri", "font_type": "TrueType", "italic": false, "monospaced": false, "name": "BCDFEE+Calibri-Bold", "subset": true, "weight": 700}, "HasClip": true, "Lang": "en", "ObjectID": 467, "Page": 3, "Path": "//Document/Sect[3]/Sect[2]/H2", "Text": "3.2 Common Topologies ", "TextSize": 14.039993286132812, "attributes": {"LineHeight": 16.875, "SpaceAfter": 18}}, {"Bounds": [90.02400207519531, 421.6991271972656, 183.83328247070312, 432.73912048339844], "Font": {"alt_family_name": "Cambria", "embedded": true, "encoding": "WinAnsiEncoding", "family_name": "Cambria", "font_type": "TrueType", "italic": false, "monospaced": false, "name": "BCDGEE+Cambria", "subset": true, "weight": 400}, "HasClip": true, "Lang": "en", "ObjectID": 468, "Page": 3, "Path": "//Document/Sect[3]/Sect[2]/P", "Text": "1. Star Topology: ", "TextSize": 11.039993286132812, "attributes": {"LineHeight": 13.25, "SpaceAfter": 11.75}}, {"Bounds": [126.02000427246094, 397.11871337890625, 133.0915985107422, 408.2340850830078], "Font": {"alt_family_name": "Symbol", "embedded": true, "encoding": "Identity-H", "family_name": "Symbol MT", "font_type": "CIDFontType2", "italic": false, "monospaced": false, "name": "SymbolMT", "subset": false, "weight": 400}, "HasClip": true, "ObjectID": 471, "Page": 3, "Path": "//Document/Sect[3]/Sect[2]/L/LI/Lbl", "Text": "\u2022 ", "TextSize": 9.960006713867188}, {"Bounds": [144.02000427246094, 396.83912658691406, 375.9040832519531, 407.8791198730469], "Font": {"alt_family_name": "Cambria", "embedded": true, "encoding": "WinAnsiEncoding", "family_name": "Cambria", "font_type": "TrueType", "italic": false, "monospaced": false, "name": "BCDGEE+Cambria", "subset": true, "weight": 400}, "HasClip": true, "ObjectID": 472, "Page": 3, "Path": "//Document/Sect[3]/Sect[2]/L/LI/LBody", "Text": "All devices connect to a central hub (e.g., switch). ", "TextSize": 11.039993286132812}, {"Bounds": [126.02000427246094, 372.2787170410156, 133.0915985107422, 383.3940734863281], "Font": {"alt_family_name": "Symbol", "embedded": true, "encoding": "Identity-H", "family_name": "Symbol MT", "font_type": "CIDFontType2", "italic": false, "monospaced": false, "name": "SymbolMT", "subset": false, "weight": 400}, "HasClip": true, "ObjectID": 474, "Page": 3, "Path": "//Document/Sect[3]/Sect[2]/L/LI[2]/Lbl", "Text": "\u2022 ", "TextSize": 9.960006713867188}, {"Bounds": [144.02000427246094, 371.9991149902344, 208.0732879638672, 383.03912353515625], "Font": {"alt_family_name": "Cambria", "embedded": true, "encoding": "WinAnsiEncoding", "family_name": "Cambria", "font_type": "TrueType", "italic": false, "monospaced": false, "name": "BCDGEE+Cambria", "subset": true, "weight": 400}, "HasClip": true, "ObjectID": 476, "Page": 3, "Path": "//Document/Sect[3]/Sect[2]/L/LI[2]/LBody/ParagraphSpan", "Text": "Advantages: ", "TextSize": 11.039993286132812}, {"Bounds": [162.02000427246094, 347.438720703125, 169.0915985107422, 358.5540771484375], "Font": {"alt_family_name": "Symbol", "embedded": true, "encoding": "Identity-H", "family_name": "Symbol MT", "font_type": "CIDFontType2", "italic": false, "monospaced": false, "name": "SymbolMT", "subset": false, "weight": 400}, "HasClip": true, "ObjectID": 479, "Page": 3, "Path": "//Document/Sect[3]/Sect[2]/L/LI[2]/LBody/L/LI/Lbl", "Text": "\u2022 ", "TextSize": 9.960006713867188}, {"Bounds": [180.0500030517578, 347.15911865234375, 484.3565979003906, 358.1991271972656], "Font": {"alt_family_name": "Cambria", "embedded": true, "encoding": "WinAnsiEncoding", "family_name": "Cambria", "font_type": "TrueType", "italic": false, "monospaced": false, "name": "BCDGEE+Cambria", "subset": true, "weight": 400}, "HasClip": true, "ObjectID": 480, "Page": 3, "Path": "//Document/Sect[3]/Sect[2]/L/LI[2]/LBody/L/LI/LBody", "Text": "Centralized control simplifies management and troubleshooting. ", "TextSize": 11.039993286132812}, {"Bounds": [162.02000427246094, 322.5987243652344, 169.0915985107422, 333.7140808105469], "Font": {"alt_family_name": "Symbol", "embedded": true, "encoding": "Identity-H", "family_name": "Symbol MT", "font_type": "CIDFontType2", "italic": false, "monospaced": false, "name": "SymbolMT", "subset": false, "weight": 400}, "HasClip": true, "ObjectID": 482, "Page": 3, "Path": "//Document/Sect[3]/Sect[2]/L/LI[2]/LBody/L/LI[2]/Lbl", "Text": "\u2022 ", "TextSize": 9.960006713867188}, {"Bounds": [180.0500030517578, 322.3191223144531, 450.6514434814453, 334.6839141845703], "Font": {"alt_family_name": "Cambria", "embedded": true, "encoding": "Identity-H", "family_name": "Cambria", "font_type": "CIDFontType2", "italic": false, "monospaced": false, "name": "BCDIEE+Cambria", "subset": true, "weight": 400}, "HasClip": true, "ObjectID": 483, "Page": 3, "Path": "//Document/Sect[3]/Sect[2]/L/LI[2]/LBody/L/LI[2]/LBody", "Text": "Failure of individual devices doesn\u2019t disrupt the network. ", "TextSize": 11.039993286132812}, {"Bounds": [162.02000427246094, 297.7587127685547, 169.0915985107422, 308.87408447265625], "Font": {"alt_family_name": "Symbol", "embedded": true, "encoding": "Identity-H", "family_name": "Symbol MT", "font_type": "CIDFontType2", "italic": false, "monospaced": false, "name": "SymbolMT", "subset": false, "weight": 400}, "HasClip": true, "ObjectID": 485, "Page": 3, "Path": "//Document/Sect[3]/Sect[2]/L/LI[2]/LBody/L/LI[3]/Lbl", "Text": "\u2022 ", "TextSize": 9.960006713867188}, {"Bounds": [180.0500030517578, 297.4791259765625, 360.1455535888672, 308.5191192626953], "Font": {"alt_family_name": "Cambria", "embedded": true, "encoding": "WinAnsiEncoding", "family_name": "Cambria", "font_type": "TrueType", "italic": false, "monospaced": false, "name": "BCDGEE+Cambria", "subset": true, "weight": 400}, "HasClip": true, "ObjectID": 486, "Page": 3, "Path": "//Document/Sect[3]/Sect[2]/L/LI[2]/LBody/L/LI[3]/LBody", "Text": "Highly scalable for growing networks. ", "TextSize": 11.039993286132812}, {"Bounds": [90.02400207519531, 272.6391143798828, 264.47328186035156, 283.6791229248047], "Font": {"alt_family_name": "Cambria", "embedded": true, "encoding": "WinAnsiEncoding", "family_name": "Cambria", "font_type": "TrueType", "italic": false, "monospaced": false, "name": "BCDGEE+Cambria", "subset": true, "weight": 400}, "HasClip": true, "Lang": "en", "ObjectID": 487, "Page": 3, "Path": "//Document/Sect[3]/Sect[2]/P[2]", "Text": "2. Key Features of Star Topology: ", "TextSize": 11.039993286132812, "attributes": {"LineHeight": 13.25, "SpaceAfter": 11.5}}, {"Bounds": [126.02000427246094, 248.16871643066406, 133.0915985107422, 259.28407287597656], "Font": {"alt_family_name": "Symbol", "embedded": true, "encoding": "Identity-H", "family_name": "Symbol MT", "font_type": "CIDFontType2", "italic": false, "monospaced": false, "name": "SymbolMT", "subset": false, "weight": 400}, "HasClip": true, "ObjectID": 490, "Page": 3, "Path": "//Document/Sect[3]/Sect[2]/L[2]/LI/Lbl", "Text": "\u2022 ", "TextSize": 9.960006713867188}, {"Bounds": [144.02000427246094, 247.8891143798828, 459.7897186279297, 258.9291229248047], "Font": {"alt_family_name": "Cambria", "embedded": true, "encoding": "WinAnsiEncoding", "family_name": "Cambria", "font_type": "TrueType", "italic": false, "monospaced": false, "name": "BCDGEE+Cambria", "subset": true, "weight": 400}, "HasClip": true, "ObjectID": 491, "Page": 3, "Path": "//Document/Sect[3]/Sect[2]/L[2]/LI/LBody", "Text": "Centralized Devices: Hub or switch ensures efficient data routing. ", "TextSize": 11.039993286132812}, {"Bounds": [126.02000427246094, 223.32872009277344, 133.0915985107422, 234.44407653808594], "Font": {"alt_family_name": "Symbol", "embedded": true, "encoding": "Identity-H", "family_name": "Symbol MT", "font_type": "CIDFontType2", "italic": false, "monospaced": false, "name": "SymbolMT", "subset": false, "weight": 400}, "HasClip": true, "ObjectID": 493, "Page": 3, "Path": "//Document/Sect[3]/Sect[2]/L[2]/LI[2]/Lbl", "Text": "\u2022 ", "TextSize": 9.960006713867188}, {"Bounds": [144.02000427246094, 223.0491180419922, 499.9216003417969, 234.08912658691406], "Font": {"alt_family_name": "Cambria", "embedded": true, "encoding": "WinAnsiEncoding", "family_name": "Cambria", "font_type": "TrueType", "italic": false, "monospaced": false, "name": "BCDGEE+Cambria", "subset": true, "weight": 400}, "HasClip": true, "ObjectID": 494, "Page": 3, "Path": "//Document/Sect[3]/Sect[2]/L[2]/LI[2]/LBody", "Text": "Scalability: New devices can be added seamlessly with minimal disruption. ", "TextSize": 11.039993286132812}], "pages": [{"boxes": {"CropBox": [0.0, 0.0, 612.0, 792.0], "MediaBox": [0.0, 0.0, 612.0, 792.0]}, "height": 792.0, "is_scanned": false, "page_number": 0, "rotation": 0, "width": 612.0}, {"boxes": {"CropBox": [0.0, 0.0, 612.0, 792.0], "MediaBox": [0.0, 0.0, 612.0, 792.0]}, "height": 792.0, "is_scanned": false, "page_number": 1, "rotation": 0, "width": 612.0}, {"boxes": {"CropBox": [0.0, 0.0, 612.0, 792.0], "MediaBox": [0.0, 0.0, 612.0, 792.0]}, "height": 792.0, "is_scanned": false, "page_number": 2, "rotation": 0, "width": 612.0}, {"boxes": {"CropBox": [0.0, 0.0, 612.0, 792.0], "MediaBox": [0.0, 0.0, 612.0, 792.0]}, "height": 792.0, "is_scanned": false, "page_number": 3, "rotation": 0, "width": 612.0}]}