{"version": {"json_export": "210", "page_segmentation": "55", "schema": "1.1.0", "structure": "1.1125.0", "table_structure": "5"}, "extended_metadata": {"ID_instance": "8F E2 CE 73 77 BB B2 11 0A 00 AD 67 21 31 D4 64 ", "ID_permanent": "FB 24 1D 1C 7B 8C 87 4E 9E F2 BC BF BA B7 AF 6A ", "has_acroform": false, "has_embedded_files": false, "is_XFA": false, "is_certified": false, "is_encrypted": false, "is_digitally_signed": false, "language": "en-US", "page_count": 2, "pdf_version": "1.7", "pdfa_compliance_level": "", "pdfua_compliance_level": ""}, "elements": [{"Bounds": [72.02400207519531, 704.4510345458984, 249.8634033203125, 716.5601196289062], "Font": {"alt_family_name": "Times New Roman PS", "embedded": false, "encoding": "WinAnsiEncoding", "family_name": "Times New Roman PS", "font_type": "TrueType", "italic": false, "monospaced": false, "name": "TimesNewRomanPS-BoldMT", "subset": false, "weight": 700}, "HasClip": true, "Lang": "en", "ObjectID": 116, "Page": 0, "Path": "//Document/Sect/Title", "Text": "Application and Web Security ", "TextSize": 13.55999755859375, "attributes": {"LineHeight": 16.25}}, {"Bounds": [72.02400207519531, 676.7079925537109, 152.3520965576172, 687.4239959716797], "Font": {"alt_family_name": "Times New Roman PS", "embedded": false, "encoding": "WinAnsiEncoding", "family_name": "Times New Roman PS", "font_type": "TrueType", "italic": false, "monospaced": false, "name": "TimesNewRomanPS-BoldMT", "subset": false, "weight": 700}, "HasClip": true, "Lang": "en", "ObjectID": 118, "Page": 0, "Path": "//Document/Sect[2]/H1", "Text": "1. Introduction ", "TextSize": 12.0}, {"Bounds": [72.02400207519531, 607.4680023193359, 534.8280029296875, 659.7760009765625], "Font": {"alt_family_name": "Times New Roman PSMT", "embedded": false, "encoding": "WinAnsiEncoding", "family_name": "Times New Roman PSMT", "font_type": "TrueType", "italic": false, "monospaced": false, "name": "TimesNewRomanPSMT", "subset": false, "weight": 400}, "HasClip": true, "Lang": "en", "ObjectID": 119, "Page": 0, "Path": "//Document/Sect[2]/P", "Text": "Application and web security are essential in today's digital landscape. As cyber threats become increasingly sophisticated, safeguarding applications and web services is a critical task for developers, IT professionals, and businesses. This document provides an overview of key concepts, common vulnerabilities, and best practices for ensuring secure applications. ", "TextSize": 12.0, "attributes": {"SpaceAfter": 18}}, {"Bounds": [72.02400207519531, 551.9080047607422, 262.8599090576172, 562.6239929199219], "Font": {"alt_family_name": "Times New Roman PS", "embedded": false, "encoding": "WinAnsiEncoding", "family_name": "Times New Roman PS", "font_type": "TrueType", "italic": false, "monospaced": false, "name": "TimesNewRomanPS-BoldMT", "subset": false, "weight": 700}, "HasClip": true, "Lang": "en", "ObjectID": 121, "Page": 0, "Path": "//Document/Sect[3]/H1", "Text": "2. Common Threats in Web Security ", "TextSize": 12.0}, {"Bounds": [90.02400207519531, 524.0379943847656, 184.02809143066406, 534.9459991455078], "Font": {"alt_family_name": "Times New Roman PS", "embedded": false, "encoding": "WinAnsiEncoding", "family_name": "Times New Roman PS", "font_type": "TrueType", "italic": false, "monospaced": false, "name": "TimesNewRomanPS-BoldMT", "subset": false, "weight": 700}, "HasClip": true, "Lang": "en", "ObjectID": 123, "Page": 0, "Path": "//Document/Sect[3]/Sect/H2", "Text": "1. SQL Injection ", "TextSize": 12.0}, {"Bounds": [108.02000427246094, 496.43800354003906, 485.13800048828125, 521.14599609375], "Font": {"alt_family_name": "Times New Roman PSMT", "embedded": false, "encoding": "WinAnsiEncoding", "family_name": "Times New Roman PSMT", "font_type": "TrueType", "italic": false, "monospaced": false, "name": "TimesNewRomanPSMT", "subset": false, "weight": 400}, "HasClip": true, "Lang": "en", "ObjectID": 124, "Page": 0, "Path": "//Document/Sect[3]/Sect/P", "Text": "Attackers insert malicious SQL queries to access or manipulate database data. Prevention: Use parameterized queries and validate input. ", "TextSize": 12.0}, {"Bounds": [90.02400207519531, 482.63800048828125, 247.05191040039062, 493.54600524902344], "Font": {"alt_family_name": "Times New Roman PS", "embedded": false, "encoding": "WinAnsiEncoding", "family_name": "Times New Roman PS", "font_type": "TrueType", "italic": false, "monospaced": false, "name": "TimesNewRomanPS-BoldMT", "subset": false, "weight": 700}, "HasClip": true, "Lang": "en", "ObjectID": 126, "Page": 0, "Path": "//Document/Sect[3]/Sect[2]/H2", "Text": "2. Cross-Site Scripting (XSS) ", "TextSize": 12.0}, {"Bounds": [108.02000427246094, 455.0379943847656, 477.86000061035156, 479.7460021972656], "Font": {"alt_family_name": "Times New Roman PSMT", "embedded": false, "encoding": "WinAnsiEncoding", "family_name": "Times New Roman PSMT", "font_type": "TrueType", "italic": false, "monospaced": false, "name": "TimesNewRomanPSMT", "subset": false, "weight": 400}, "HasClip": true, "Lang": "en", "ObjectID": 127, "Page": 0, "Path": "//Document/Sect[3]/Sect[2]/P", "Text": "Malicious scripts are injected into trusted websites, compromising user data. Prevention: Sanitize and encode user input. ", "TextSize": 12.0}, {"Bounds": [90.02400207519531, 441.2380065917969, 294.57200622558594, 452.14599609375], "Font": {"alt_family_name": "Times New Roman PS", "embedded": false, "encoding": "WinAnsiEncoding", "family_name": "Times New Roman PS", "font_type": "TrueType", "italic": false, "monospaced": false, "name": "TimesNewRomanPS-BoldMT", "subset": false, "weight": 700}, "HasClip": true, "Lang": "en", "ObjectID": 129, "Page": 0, "Path": "//Document/Sect[3]/Sect[3]/H2", "Text": "3. Cross-Site Request Forgery (CSRF) ", "TextSize": 12.0}, {"Bounds": [108.02000427246094, 427.43800354003906, 481.11199951171875, 438.3459930419922], "Font": {"alt_family_name": "Times New Roman PSMT", "embedded": false, "encoding": "WinAnsiEncoding", "family_name": "Times New Roman PSMT", "font_type": "TrueType", "italic": false, "monospaced": false, "name": "TimesNewRomanPSMT", "subset": false, "weight": 400}, "HasClip": true, "ObjectID": 131, "Page": 0, "Path": "//Document/Sect[3]/Sect[3]/P/Sub", "Text": "An attacker tricks a user into performing unintended actions on a trusted site. ", "TextSize": 12.0, "attributes": {"Placement": "Block"}}, {"Bounds": [108.02000427246094, 413.63800048828125, 284.305908203125, 424.54600524902344], "Font": {"alt_family_name": "Times New Roman PSMT", "embedded": false, "encoding": "WinAnsiEncoding", "family_name": "Times New Roman PSMT", "font_type": "TrueType", "italic": false, "monospaced": false, "name": "TimesNewRomanPSMT", "subset": false, "weight": 400}, "HasClip": true, "ObjectID": 132, "Page": 0, "Path": "//Document/Sect[3]/Sect[3]/P/Sub[2]", "Text": "Prevention: Use anti-CSRF tokens. ", "TextSize": 12.0, "attributes": {"Placement": "Block"}}, {"Bounds": [90.02400207519531, 399.83799743652344, 298.25608825683594, 410.7460021972656], "Font": {"alt_family_name": "Times New Roman PS", "embedded": false, "encoding": "WinAnsiEncoding", "family_name": "Times New Roman PS", "font_type": "TrueType", "italic": false, "monospaced": false, "name": "TimesNewRomanPS-BoldMT", "subset": false, "weight": 700}, "HasClip": true, "Lang": "en", "ObjectID": 134, "Page": 0, "Path": "//Document/Sect[3]/Sect[4]/H2", "Text": "4. Man-in-the-Middle (MITM) Attacks ", "TextSize": 12.0}, {"Bounds": [108.02000427246094, 386.0379943847656, 457.98809814453125, 396.9459991455078], "Font": {"alt_family_name": "Times New Roman PSMT", "embedded": false, "encoding": "WinAnsiEncoding", "family_name": "Times New Roman PSMT", "font_type": "TrueType", "italic": false, "monospaced": false, "name": "TimesNewRomanPSMT", "subset": false, "weight": 400}, "HasClip": true, "ObjectID": 136, "Page": 0, "Path": "//Document/Sect[3]/Sect[4]/P/Sub", "Text": "Attackers intercept and manipulate communication between two parties. ", "TextSize": 12.0, "attributes": {"Placement": "Block"}}, {"Bounds": [108.02000427246094, 372.2380065917969, 372.8479919433594, 383.14599609375], "Font": {"alt_family_name": "Times New Roman PSMT", "embedded": false, "encoding": "WinAnsiEncoding", "family_name": "Times New Roman PSMT", "font_type": "TrueType", "italic": false, "monospaced": false, "name": "TimesNewRomanPSMT", "subset": false, "weight": 400}, "HasClip": true, "ObjectID": 137, "Page": 0, "Path": "//Document/Sect[3]/Sect[4]/P/Sub[2]", "Text": "Prevention: Use TLS/SSL to encrypt communication. ", "TextSize": 12.0, "attributes": {"Placement": "Block"}}, {"Bounds": [72.02400207519531, 316.6580047607422, 283.60791015625, 327.3739929199219], "Font": {"alt_family_name": "Times New Roman PS", "embedded": false, "encoding": "WinAnsiEncoding", "family_name": "Times New Roman PS", "font_type": "TrueType", "italic": false, "monospaced": false, "name": "TimesNewRomanPS-BoldMT", "subset": false, "weight": 700}, "HasClip": true, "Lang": "en", "ObjectID": 139, "Page": 0, "Path": "//Document/Sect[4]/H1", "Text": "3. Key Principles of Application Security ", "TextSize": 12.0}, {"Bounds": [90.02400207519531, 288.93800354003906, 284.87599182128906, 299.8459930419922], "Font": {"alt_family_name": "Times New Roman PS", "embedded": false, "encoding": "WinAnsiEncoding", "family_name": "Times New Roman PS", "font_type": "TrueType", "italic": false, "monospaced": false, "name": "TimesNewRomanPS-BoldMT", "subset": false, "weight": 700}, "HasClip": true, "Lang": "en", "ObjectID": 141, "Page": 0, "Path": "//Document/Sect[4]/Sect/H2", "Text": "1. Authentication and Authorization ", "TextSize": 12.0}, {"Bounds": [126.02000427246094, 275.5587158203125, 134.48599243164062, 286.67408752441406], "Font": {"alt_family_name": "Courier New PSMT", "embedded": true, "encoding": "WinAnsiEncoding", "family_name": "Courier New PSMT", "font_type": "TrueType", "italic": false, "monospaced": false, "name": "BCDEEE+CourierNewPSMT", "subset": true, "weight": 400}, "HasClip": true, "ObjectID": 144, "Page": 0, "Path": "//Document/Sect[4]/Sect/L/LI/Lbl", "Text": "o ", "TextSize": 9.960006713867188}, {"Bounds": [144.02000427246094, 275.13800048828125, 331.8800048828125, 286.04600524902344], "Font": {"alt_family_name": "Times New Roman PSMT", "embedded": false, "encoding": "WinAnsiEncoding", "family_name": "Times New Roman PSMT", "font_type": "TrueType", "italic": false, "monospaced": false, "name": "TimesNewRomanPSMT", "subset": false, "weight": 400}, "HasClip": true, "ObjectID": 145, "Page": 0, "Path": "//Document/Sect[4]/Sect/L/LI/LBody", "Text": "Use strong, multifactor authentication. ", "TextSize": 12.0}, {"Bounds": [126.02000427246094, 261.7587127685547, 134.48599243164062, 272.87408447265625], "Font": {"alt_family_name": "Courier New PSMT", "embedded": true, "encoding": "WinAnsiEncoding", "family_name": "Courier New PSMT", "font_type": "TrueType", "italic": false, "monospaced": false, "name": "BCDEEE+CourierNewPSMT", "subset": true, "weight": 400}, "HasClip": true, "ObjectID": 147, "Page": 0, "Path": "//Document/Sect[4]/Sect/L/LI[2]/Lbl", "Text": "o ", "TextSize": 9.960006713867188}, {"Bounds": [144.02000427246094, 261.33799743652344, 369.26600646972656, 272.2460021972656], "Font": {"alt_family_name": "Times New Roman PSMT", "embedded": false, "encoding": "WinAnsiEncoding", "family_name": "Times New Roman PSMT", "font_type": "TrueType", "italic": false, "monospaced": false, "name": "TimesNewRomanPSMT", "subset": false, "weight": 400}, "HasClip": true, "ObjectID": 148, "Page": 0, "Path": "//Document/Sect[4]/Sect/L/LI[2]/LBody", "Text": "Implement role-based access control (RBAC). ", "TextSize": 12.0}, {"Bounds": [90.02400207519531, 247.53799438476562, 196.65199279785156, 258.4459991455078], "Font": {"alt_family_name": "Times New Roman PS", "embedded": false, "encoding": "WinAnsiEncoding", "family_name": "Times New Roman PS", "font_type": "TrueType", "italic": false, "monospaced": false, "name": "TimesNewRomanPS-BoldMT", "subset": false, "weight": 700}, "HasClip": true, "Lang": "en", "ObjectID": 150, "Page": 0, "Path": "//Document/Sect[4]/Sect[2]/H2", "Text": "2. Data Encryption ", "TextSize": 12.0}, {"Bounds": [126.02000427246094, 234.15872192382812, 134.48599243164062, 245.27407836914062], "Font": {"alt_family_name": "Courier New PSMT", "embedded": true, "encoding": "WinAnsiEncoding", "family_name": "Courier New PSMT", "font_type": "TrueType", "italic": false, "monospaced": false, "name": "BCDEEE+CourierNewPSMT", "subset": true, "weight": 400}, "HasClip": true, "ObjectID": 153, "Page": 0, "Path": "//Document/Sect[4]/Sect[2]/L/LI/Lbl", "Text": "o ", "TextSize": 9.960006713867188}, {"Bounds": [144.02000427246094, 233.73800659179688, 353.47999572753906, 244.64599609375], "Font": {"alt_family_name": "Times New Roman PSMT", "embedded": false, "encoding": "WinAnsiEncoding", "family_name": "Times New Roman PSMT", "font_type": "TrueType", "italic": false, "monospaced": false, "name": "TimesNewRomanPSMT", "subset": false, "weight": 400}, "HasClip": true, "ObjectID": 154, "Page": 0, "Path": "//Document/Sect[4]/Sect[2]/L/LI/LBody", "Text": "Encrypt sensitive data at rest and in transit. ", "TextSize": 12.0}, {"Bounds": [126.02000427246094, 220.3587188720703, 134.48599243164062, 231.4740753173828], "Font": {"alt_family_name": "Courier New PSMT", "embedded": true, "encoding": "WinAnsiEncoding", "family_name": "Courier New PSMT", "font_type": "TrueType", "italic": false, "monospaced": false, "name": "BCDEEE+CourierNewPSMT", "subset": true, "weight": 400}, "HasClip": true, "ObjectID": 156, "Page": 0, "Path": "//Document/Sect[4]/Sect[2]/L/LI[2]/Lbl", "Text": "o ", "TextSize": 9.960006713867188}, {"Bounds": [144.02000427246094, 219.93800354003906, 396.3139953613281, 230.8459930419922], "Font": {"alt_family_name": "Times New Roman PSMT", "embedded": false, "encoding": "WinAnsiEncoding", "family_name": "Times New Roman PSMT", "font_type": "TrueType", "italic": false, "monospaced": false, "name": "TimesNewRomanPSMT", "subset": false, "weight": 400}, "HasClip": true, "ObjectID": 157, "Page": 0, "Path": "//Document/Sect[4]/Sect[2]/L/LI[2]/LBody", "Text": "Use industry-standard algorithms (e.g., AES, RSA). ", "TextSize": 12.0}, {"Bounds": [90.02400207519531, 206.13800048828125, 234.9320068359375, 217.04600524902344], "Font": {"alt_family_name": "Times New Roman PS", "embedded": false, "encoding": "WinAnsiEncoding", "family_name": "Times New Roman PS", "font_type": "TrueType", "italic": false, "monospaced": false, "name": "TimesNewRomanPS-BoldMT", "subset": false, "weight": 700}, "HasClip": true, "Lang": "en", "ObjectID": 159, "Page": 0, "Path": "//Document/Sect[4]/Sect[3]/H2", "Text": "3. Regular Security Audits ", "TextSize": 12.0}, {"Bounds": [126.02000427246094, 192.7287139892578, 134.48599243164062, 203.84408569335938], "Font": {"alt_family_name": "Courier New PSMT", "embedded": true, "encoding": "WinAnsiEncoding", "family_name": "Courier New PSMT", "font_type": "TrueType", "italic": false, "monospaced": false, "name": "BCDEEE+CourierNewPSMT", "subset": true, "weight": 400}, "HasClip": true, "ObjectID": 162, "Page": 0, "Path": "//Document/Sect[4]/Sect[3]/L/LI/Lbl", "Text": "o ", "TextSize": 9.960006713867188}, {"Bounds": [144.02000427246094, 192.30799865722656, 469.0880889892578, 203.21600341796875], "Font": {"alt_family_name": "Times New Roman PSMT", "embedded": false, "encoding": "WinAnsiEncoding", "family_name": "Times New Roman PSMT", "font_type": "TrueType", "italic": false, "monospaced": false, "name": "TimesNewRomanPSMT", "subset": false, "weight": 400}, "HasClip": true, "ObjectID": 163, "Page": 0, "Path": "//Document/Sect[4]/Sect[3]/L/LI/LBody", "Text": "Perform periodic penetration testing and vulnerability assessments. ", "TextSize": 12.0}, {"Bounds": [126.02000427246094, 178.92872619628906, 134.48599243164062, 190.04408264160156], "Font": {"alt_family_name": "Courier New PSMT", "embedded": true, "encoding": "WinAnsiEncoding", "family_name": "Courier New PSMT", "font_type": "TrueType", "italic": false, "monospaced": false, "name": "BCDEEE+CourierNewPSMT", "subset": true, "weight": 400}, "HasClip": true, "ObjectID": 165, "Page": 0, "Path": "//Document/Sect[4]/Sect[3]/L/LI[2]/Lbl", "Text": "o ", "TextSize": 9.960006713867188}, {"Bounds": [144.02000427246094, 178.50799560546875, 412.58009338378906, 189.41600036621094], "Font": {"alt_family_name": "Times New Roman PSMT", "embedded": false, "encoding": "WinAnsiEncoding", "family_name": "Times New Roman PSMT", "font_type": "TrueType", "italic": false, "monospaced": false, "name": "TimesNewRomanPSMT", "subset": false, "weight": 400}, "HasClip": true, "ObjectID": 166, "Page": 0, "Path": "//Document/Sect[4]/Sect[3]/L/LI[2]/LBody", "Text": "Keep logs to monitor and respond to security incidents. ", "TextSize": 12.0}, {"Bounds": [90.02400207519531, 164.70799255371094, 265.3880920410156, 175.61599731445312], "Font": {"alt_family_name": "Times New Roman PS", "embedded": false, "encoding": "WinAnsiEncoding", "family_name": "Times New Roman PS", "font_type": "TrueType", "italic": false, "monospaced": false, "name": "TimesNewRomanPS-BoldMT", "subset": false, "weight": 700}, "HasClip": true, "Lang": "en", "ObjectID": 168, "Page": 0, "Path": "//Document/Sect[4]/Sect[4]/H2", "Text": "4. Secure Development Practices ", "TextSize": 12.0}, {"Bounds": [126.02000427246094, 151.32872009277344, 134.48599243164062, 162.44407653808594], "Font": {"alt_family_name": "Courier New PSMT", "embedded": true, "encoding": "WinAnsiEncoding", "family_name": "Courier New PSMT", "font_type": "TrueType", "italic": false, "monospaced": false, "name": "BCDEEE+CourierNewPSMT", "subset": true, "weight": 400}, "HasClip": true, "ObjectID": 171, "Page": 0, "Path": "//Document/Sect[4]/Sect[4]/L/LI/Lbl", "Text": "o ", "TextSize": 9.960006713867188}, {"Bounds": [144.02000427246094, 150.9080047607422, 301.5559997558594, 161.8159942626953], "Font": {"alt_family_name": "Times New Roman PSMT", "embedded": false, "encoding": "WinAnsiEncoding", "family_name": "Times New Roman PSMT", "font_type": "TrueType", "italic": false, "monospaced": false, "name": "TimesNewRomanPSMT", "subset": false, "weight": 400}, "HasClip": true, "ObjectID": 172, "Page": 0, "Path": "//Document/Sect[4]/Sect[4]/L/LI/LBody", "Text": "Follow secure coding standards. ", "TextSize": 12.0}, {"Bounds": [126.02000427246094, 137.52871704101562, 134.48599243164062, 148.64407348632812], "Font": {"alt_family_name": "Courier New PSMT", "embedded": true, "encoding": "WinAnsiEncoding", "family_name": "Courier New PSMT", "font_type": "TrueType", "italic": false, "monospaced": false, "name": "BCDEEE+CourierNewPSMT", "subset": true, "weight": 400}, "HasClip": true, "ObjectID": 174, "Page": 0, "Path": "//Document/Sect[4]/Sect[4]/L/LI[2]/Lbl", "Text": "o ", "TextSize": 9.960006713867188}, {"Bounds": [144.02000427246094, 137.10800170898438, 495.1280975341797, 148.01600646972656], "Font": {"alt_family_name": "Times New Roman PSMT", "embedded": false, "encoding": "WinAnsiEncoding", "family_name": "Times New Roman PSMT", "font_type": "TrueType", "italic": false, "monospaced": false, "name": "TimesNewRomanPSMT", "subset": false, "weight": 400}, "HasClip": true, "ObjectID": 175, "Page": 0, "Path": "//Document/Sect[4]/Sect[4]/L/LI[2]/LBody", "Text": "Use static and dynamic application security testing (SAST/DAST) tools. ", "TextSize": 12.0}, {"Bounds": [72.02400207519531, 706.2480010986328, 204.1920928955078, 716.9640045166016], "ClipBounds": [72.02400207519531, 706.2480010986328, 204.1920928955078, 716.9640045166016], "Font": {"alt_family_name": "Times New Roman PS", "embedded": false, "encoding": "WinAnsiEncoding", "family_name": "Times New Roman PS", "font_type": "TrueType", "italic": false, "monospaced": false, "name": "TimesNewRomanPS-BoldMT", "subset": false, "weight": 700}, "HasClip": true, "Lang": "en", "ObjectID": 177, "Page": 1, "Path": "//Document/Sect[5]/H1", "Text": "4. Security Best Practices ", "TextSize": 12.0}, {"Bounds": [90.02400207519531, 678.3880004882812, 233.66000366210938, 689.2960052490234], "ClipBounds": [90.02400207519531, 678.3880004882812, 233.66000366210938, 689.2960052490234], "Font": {"alt_family_name": "Times New Roman PS", "embedded": false, "encoding": "WinAnsiEncoding", "family_name": "Times New Roman PS", "font_type": "TrueType", "italic": false, "monospaced": false, "name": "TimesNewRomanPS-BoldMT", "subset": false, "weight": 700}, "HasClip": true, "Lang": "en", "ObjectID": 180, "Page": 1, "Path": "//Document/Sect[5]/P", "Text": "1. Keep Software Updated ", "TextSize": 12.0}, {"Bounds": [108.02000427246094, 664.5879974365234, 451.24591064453125, 675.4960021972656], "ClipBounds": [108.02000427246094, 664.5879974365234, 451.24591064453125, 675.4960021972656], "Font": {"alt_family_name": "Times New Roman PSMT", "embedded": false, "encoding": "WinAnsiEncoding", "family_name": "Times New Roman PSMT", "font_type": "TrueType", "italic": false, "monospaced": false, "name": "TimesNewRomanPSMT", "subset": false, "weight": 400}, "HasClip": true, "Lang": "en", "ObjectID": 181, "Page": 1, "Path": "//Document/Sect[5]/P[2]", "Text": "Apply patches and updates regularly to mitigate known vulnerabilities. ", "TextSize": 12.0}, {"Bounds": [90.02400207519531, 650.7879943847656, 236.86399841308594, 661.6959991455078], "ClipBounds": [90.02400207519531, 650.7879943847656, 236.86399841308594, 661.6959991455078], "Font": {"alt_family_name": "Times New Roman PS", "embedded": false, "encoding": "WinAnsiEncoding", "family_name": "Times New Roman PS", "font_type": "TrueType", "italic": false, "monospaced": false, "name": "TimesNewRomanPS-BoldMT", "subset": false, "weight": 700}, "HasClip": true, "Lang": "en", "ObjectID": 182, "Page": 1, "Path": "//Document/Sect[5]/P[3]", "Text": "2. Least Privilege Principle ", "TextSize": 12.0}, {"Bounds": [108.02000427246094, 636.9880065917969, 349.48399353027344, 647.89599609375], "ClipBounds": [108.02000427246094, 636.9880065917969, 349.48399353027344, 647.89599609375], "Font": {"alt_family_name": "Times New Roman PSMT", "embedded": false, "encoding": "WinAnsiEncoding", "family_name": "Times New Roman PSMT", "font_type": "TrueType", "italic": false, "monospaced": false, "name": "TimesNewRomanPSMT", "subset": false, "weight": 400}, "HasClip": true, "Lang": "en", "ObjectID": 183, "Page": 1, "Path": "//Document/Sect[5]/P[4]", "Text": "Grant minimal access rights to users and systems. ", "TextSize": 12.0}, {"Bounds": [90.02400207519531, 623.1880035400391, 196.736083984375, 634.0959930419922], "ClipBounds": [90.02400207519531, 623.1880035400391, 196.736083984375, 634.0959930419922], "Font": {"alt_family_name": "Times New Roman PS", "embedded": false, "encoding": "WinAnsiEncoding", "family_name": "Times New Roman PS", "font_type": "TrueType", "italic": false, "monospaced": false, "name": "TimesNewRomanPS-BoldMT", "subset": false, "weight": 700}, "HasClip": true, "Lang": "en", "ObjectID": 184, "Page": 1, "Path": "//Document/Sect[5]/P[5]", "Text": "3. Input Validation ", "TextSize": 12.0}, {"Bounds": [108.02000427246094, 609.3880004882812, 469.7480010986328, 620.2960052490234], "ClipBounds": [108.02000427246094, 609.3880004882812, 469.7480010986328, 620.2960052490234], "Font": {"alt_family_name": "Times New Roman PSMT", "embedded": false, "encoding": "WinAnsiEncoding", "family_name": "Times New Roman PSMT", "font_type": "TrueType", "italic": false, "monospaced": false, "name": "TimesNewRomanPSMT", "subset": false, "weight": 400}, "HasClip": true, "Lang": "en", "ObjectID": 185, "Page": 1, "Path": "//Document/Sect[5]/P[6]", "Text": "Ensure all input is validated, sanitized, and checked for malicious patterns. ", "TextSize": 12.0}, {"Bounds": [90.02400207519531, 595.5879974365234, 223.7119903564453, 606.4960021972656], "ClipBounds": [90.02400207519531, 595.5879974365234, 223.7119903564453, 606.4960021972656], "Font": {"alt_family_name": "Times New Roman PS", "embedded": false, "encoding": "WinAnsiEncoding", "family_name": "Times New Roman PS", "font_type": "TrueType", "italic": false, "monospaced": false, "name": "TimesNewRomanPS-BoldMT", "subset": false, "weight": 700}, "HasClip": true, "Lang": "en", "ObjectID": 186, "Page": 1, "Path": "//Document/Sect[5]/P[7]", "Text": "4. Monitor and Respond ", "TextSize": 12.0}, {"Bounds": [108.02000427246094, 581.7879943847656, 500.4440002441406, 592.6959991455078], "ClipBounds": [108.02000427246094, 581.7879943847656, 500.4440002441406, 592.6959991455078], "Font": {"alt_family_name": "Times New Roman PSMT", "embedded": false, "encoding": "WinAnsiEncoding", "family_name": "Times New Roman PSMT", "font_type": "TrueType", "italic": false, "monospaced": false, "name": "TimesNewRomanPSMT", "subset": false, "weight": 400}, "HasClip": true, "Lang": "en", "ObjectID": 187, "Page": 1, "Path": "//Document/Sect[5]/P[8]", "Text": "Implement intrusion detection systems (IDS) and have an incident response plan. ", "TextSize": 12.0}], "pages": [{"boxes": {"CropBox": [0.0, 0.0, 612.0, 792.0], "MediaBox": [0.0, 0.0, 612.0, 792.0]}, "height": 792.0, "is_scanned": false, "page_number": 0, "rotation": 0, "width": 612.0}, {"boxes": {"CropBox": [0.0, 0.0, 612.0, 792.0], "MediaBox": [0.0, 0.0, 612.0, 792.0]}, "height": 792.0, "is_scanned": false, "page_number": 1, "rotation": 0, "width": 612.0}]}